Workbook

Sheet 2025MasterFile-Stat
A1: Class | B1: Roadway | C1: Segment | D1: Source | E1: 2022 Station | F1: 2025 Station | G1: Lns | H1: LOS Std | I1: Speed Limit | J1: Location
J2: Lat | K2: Long
A3: Min Coll | B3: 10th St | C3: Alabama Ave to Sheeler Ave | D3: CITY | E3: 411 | F3: 411 | G3: 2L | H3: E | I3: 30 | J3: 28.66578 | K3: -81.49576
A4: Min Coll | B4: 13th St | C4: Ocoee-Apopka Rd to Park Ave | D4: CITY | E4: 840 | F4: 840 | G4: 2L | H4: E | I4: 25 | J4: 28.662029 | K4: -81.514872
A5: Min Coll | B5: 13th St | C5: Park Ave to Apopka Blvd | D5: CITY | E5: 841 | F5: 841 | G5: 2L | H5: E | I5: 25 | J5: 28.662083 | K5: -81.500375
A6: Min Coll | B6: 2nd St (Monroe Ave) | C6: Central Ave to Park Ave | D6: CITY | E6: 401 | F6: 401 | G6: 2L | H6: D | I6: 30 | J6: 28.675534 | K6: -81.511075
A7: Min Coll | B7: 5th St | C7: Park Ave to Highland Ave | D7: CITY | E7: 403 | F7: 403 | G7: 2L | H7: D | I7: 30 | J7: 28.671882 | K7: -81.507758
A8: Min Coll | B8: 6th St | C8: Park Ave to Alabama Ave | D8: CITY | E8: 650 | F8: 650 | G8: 2L | H8: D | I8: 30 | J8: 28.670699 | K8: -81.506454
A9: Min Coll | B9: 6th St | C9: Alabama Ave to US 441 | D9: CITY | E9: 410 | F9: 410 | G9: 2L | H9: D | I9: 30 | J9: 28.67073 | K9: -81.497702
A10: Min Coll | B10: 8th St | C10: Park Ave to Highland Ave | D10: CITY | E10: 404 | F10: 404 | G10: 2L | H10: D | I10: 30 | J10: 28.668232 | K10: -81.507051
A11: Min Coll | B11: 9th St | C11: Central Ave to Park Ave | D11: CITY | E11: 333 | F11: 333 | G11: 2L | H11: E | I11: 30 | J11: 28.667006 | K11: -81.510471
A12: Min Coll | B12: Alabama Ave | C12: Monroe Ave to US 441 | D12: CITY | E12: 409 | F12: 409 | G12: 2L | H12: E | I12: 25 | J12: 28.674095 | K12: -81.50183
A13: Min Coll | B13: Appy Ln | C13: Plymouth-Sorrento Rd (CR 437) to Jason Dwelley Pkwy | D13: CITY | E13: 971 | F13: 971 | G13: 2L | H13: E | I13: 35 | J13: 28.742714 | K13: -81.550574
A14: Min Coll | B14: Binion Rd/Orange Ave | C14: Lakeview Dr to US 441 | D14: COUNTY | E14: 554 | F14: 404* | G14: 2L | H14: E | I14: 40 | J14: 28.688916 | K14: -81.554052
A15: Min Coll | B15: Binion Rd/Orange Ave | C15: Boy Scout Rd to Lakeview Dr | D15: COUNTY | E15: 553 | F15: (404, 327)* | G15: 2L | H15: E | I15: 40 | J15: 28.670248 | K15: -81.550394
A16: Min Coll | B16: Binion Rd/Orange Ave | C16: Ocoee-Apopka Rd to Harmon Rd | D16: COUNTY | E16: 28 | F16: 28* | G16: 2L | H16: E | I16: 55 | J16: 28.635266 | K16: -81.55007
A17: Min Coll | B17: Binion Rd/Orange Ave | C17: Harmon Rd to Boy Scout Rd | D17: CITY | E17: 673 | F17: 673 | G17: 2L | H17: E | I17: 55 | J17: 28.657139 | K17: -81.550721
A18: Min Coll | B18: Boy Scout Rd | C18: Binion Rd to Ocoee-Apopka Rd | D18: CITY | E18: 556 | F18: 556 | G18: 2L | H18: E | I18: 45 | J18: 28.661952 | K18: -81.538743
A19: Min Coll | B19: Bradshaw Rd | C19: US 441 to Ocoee-Apopka Rd | D19: CITY | E19: 557 | F19: 557 | G19: 2L | H19: E | I19: 45 | J19: 28.673357 | K19: -81.521741
A20: Min Art | B20: CR 424 (Alabama Ave/Apopka Blvd) | C20: Hiawassee Rd to Overland Rd | D20: COUNTY | E20: 33.1 | F20: 33* | G20: 2L | H20: E | I20: 35 | J20: 28.64167 | K20: -81.462885
A21: Min Art | B21: CR 424 (Alabama Ave/Apopka Blvd) | C21: 8th St to Sheeler Rd | D21: COUNTY | E21: 651 | F21: 1008* | G21: 2L | H21: E | I21: 45 | J21: 28.664812 | K21: -81.497702
A22: Min Art | B22: CR 424 (Alabama Ave/Apopka Blvd) | C22: Overland Rd to US 441 | D22: CITY | E22: 671 | F22: 671 | G22: 2L | H22: E | I22: 35 | J22: 28.635611 | K22: -81.454984
A23: Min Art | B23: CR 424 (Alabama Ave/Apopka Blvd) | C23: Lakeville Rd to Hiawassee Rd | D23: CITY | E23: 658 | F23: 658 | G23: 3L | H23: E | I23: 40 | J23: 28.651139 | K23: -81.477106
A24: Min Art | B24: CR 424 (Alabama Ave/Apopka Blvd) | C24: Sheeler Rd to Lakeville Rd | D24: COUNTY | E24: 653 | F24: 7033* | G24: 2L | H24: E | I24: 40 | J24: 28.654673 | K24: -81.486935
A25: Min Art | B25: CR 424 (Alabama Ave/Apopka Blvd) | C25: US 441 to 8th St | D25: CITY | E25: 670 | F25: 670 | G25: 2L | H25: E | I25: 45 | J25: 28.671607 | K25: -81.502026
A26: Min Art | B26: CR 435 (Rock Spring Rd/Park Ave/Clarcona Rd) | C26: Keene Rd to McCormick Rd | D26: COUNTY | E26: 565 | F26: (32, 7004)* | G26: 2L | H26: E | I26: 45 | J26: 28.632718 | K26: -81.498788
A27: Min Art | B27: CR 435 (Rock Spring Rd/Park Ave/Clarcona Rd) | C27: M. Gladden Blvd to Cleveland St | D27: COUNTY | E27: 328.1 | F27: 328* | G27: 2L | H27: E | I27: 30 | J27: 28.66513 | K27: -81.50937
A28: Min Art | B28: CR 435 (Rock Spring Rd/Park Ave/Clarcona Rd) | C28: Votaw Rd to Orange St | D28: COUNTY | E28: 426 | F28: 426* | G28: 5L | H28: E | I28: 35 | J28: 28.6809 | K28: -81.5095
A29: Min Art | B29: CR 435 (Rock Spring Rd/Park Ave/Clarcona Rd) | C29: Welch Rd to Sandpiper Rd | D29: COUNTY | E29: 21 | F29: 21* | G29: 5L | H29: E | I29: 45 | J29: 28.6985 | K29: -81.5092
A30: Min Art | B30: CR 435 (Rock Spring Rd/Park Ave/Clarcona Rd) | C30: Ponkan Rd to Welch Rd | D30: COUNTY | E30: 19 | F30: 19* | G30: 5L | H30: E | I30: 45 | J30: 28.7145 | K30: -81.509
A31: Min Art | B31: CR 435 (Rock Spring Rd/Park Ave/Clarcona Rd) | C31: McCormick Rd to Clarcona-Ocoee Rd | D31: CITY | E31: 7004 | F31: 7004 | G31: 2L | H31: E | I31: 45 | J31: 28.618562 | K31: -81.499335
A32: Min Art | B32: CR 435 (Rock Spring Rd/Park Ave/Clarcona Rd) | C32: Sandpiper Rd to Votaw Rd | D32: CITY | E32: 516 | F32: 516 | G32: 5L | H32: E | I32: 35 | J32: 28.690042 | K32: -81.509411
A33: Min Art | B33: CR 435 (Rock Spring Rd/Park Ave/Clarcona Rd) | C33: US 441 to M. Gladden Blvd | D33: CITY | E33: 563 | F33: 563 | G33: 2L | H33: E | I33: 30 | J33: 28.670468 | K33: -81.509453
A34: Min Art | B34: CR 435 (Rock Spring Rd/Park Ave/Clarcona Rd) | C34: Orange St to US 441 | D34: CITY | E34: 580 | F34: 580 | G34: 5L | H34: E | I34: 35 | J34: 28.675129 | K34: -81.509426
A35: Min Art | B35: CR 435 (Rock Spring Rd/Park Ave/Clarcona Rd) | C35: Cleveland St to Keene Rd | D35: COUNTY | E35: 564 | F35: 7005* | G35: 2L | H35: E | I35: 45 | J35: 28.648251 | K35: -81.505598
A36: Min Art | B36: CR 435 (Rock Spring Rd/Park Ave/Clarcona Rd) | C36: Kelly Park Rd to Ponkan Rd | D36: COUNTY | E36: 18.1 | F36: 18* | G36: 4LD | H36: E | I36: 45 | J36: 28.7367 | K36: -81.509
A37: Min Art | B37: CR 437A (Ocoee-Apopka Rd/Michael Gladden Blvd/Central Ave) | C37: Harmon Rd to Bradshaw Rd | D37: COUNTY | E37: 27 | F37: 27* | G37: 2L | H37: E | I37: 45 | J37: 28.66438 | K37: -81.522
A38: Min Art | B38: CR 437A (Ocoee-Apopka Rd/Michael Gladden Blvd/Central Ave) | C38: Bradshaw Rd to Park Ave | D38: COUNTY | E38: 7083 | F38: 7083* | G38: 2L | H38: E | I38: 35 | J38: 28.66641 | K38: -81.51956
A39: Min Art | B39: CR 437A (Ocoee-Apopka Rd/Michael Gladden Blvd/Central Ave) | C39: Alston Bay Blvd to Harmon Rd | D39: COUNTY | E39: 559 | F39: (27, 29)* | G39: 4LD | H39: E | I39: 45 | J39: 28.647932 | K39: -81.538075
A40: Min Art | B40: CR 437A (Ocoee-Apopka Rd/Michael Gladden Blvd/Central Ave) | C40: Keene Rd to Alston Bay Blvd | D40: CITY | E40: 29 | F40: 29 | G40: 2L | H40: E | I40: 45 | J40: 28.64353 | K40: -81.53885
A41: Min Art | B41: CR 437A (Ocoee-Apopka Rd/Michael Gladden Blvd/Central Ave) | C41: Binion Rd to Keene Rd | D41: CITY | E41: 702 | F41: 702 | G41: 2L | H41: E | I41: 45 | J41: 28.638486 | K41: -81.540218
A42: Min Coll | B42: Christiana Ave | C42: Monroe Ave to Votaw Rd | D42: CITY | E42: 520 | F42: 520 | G42: 2L | H42: E | I42: 30 | J42: 28.680765 | K42: -81.496916
A43: Min Coll | B43: Cleveland St | C43: Park Ave to Sheeler Rd | D43: CITY | E43: 655 | F43: 655 | G43: 2L | H43: E | I43: 40 | J43: 28.654755 | K43: -81.500445
A44: Min Coll | B44: E 5th Street | C44: S Central Ave to Park Avenue | D44: CITY | E44: 414 | F44: 414 | G44: 2L | H44: D | I44: 30 | J44: 28.671878 | K44: -81.510431
A45: Min Coll | B45: Edgewood Dr | C45: Monroe Ave to US 441 | D45: CITY | E45: 408 | F45: 408 | G45: 2L | H45: E | I45: 30 | J45: 28.674527 | K45: -81.504032
A46: Min Coll | B46: Errol Pkwy | C46: Lake Francis Dr to Lake Alden Dr | D46: CITY | E46: 508 | F46: 508 | G46: 2L | H46: D | I46: 25 | J46: 28.702969 | K46: -81.537385
A47: Min Coll | B47: Errol Pkwy | C47: Lake Alden Dr to Old Dixie Hwy | D47: CITY | E47: 509 | F47: 509 | G47: 2L | H47: D | I47: 25 | J47: 28.693377 | K47: -81.53997
A48: Min Coll | B48: Errol Pkwy | C48: Old Dixie Hwy to US 441 | D48: CITY | E48: 541 | F48: 541 | G48: 2L | H48: D | I48: 30 | J48: 28.687534 | K48: -81.535746
A49: Min Coll | B49: General Electric Rd | C49: Hermit Smith Rd to Orange Ave | D49: CITY | E49: 931 | F49: 931 | G49: 2L | H49: E | I49: 40 | J49: 28.690962 | K49: -81.560995
A50: Min Coll | B50: Golden Gem Rd | C50: Kelly Park Rd to Sadler Rd | D50: CITY | E50: 909 | F50: 909 | G50: 2L | H50: E | I50: 30 | J50: 28.75326 | K50: -81.576526
A51: Min Coll | B51: Golden Gem Rd | C51: Sadler Rd to Ponkan Rd | D51: CITY | E51: 910 | F51: 910 | G51: 2L | H51: E | I51: 30 | J51: 28.74228 | K51: -81.576496
... A66: Min Coll | B66: Jason Dwelley Pkwy | C66: White Dahlia Dr to Ponkan Rd | D66: CITY | E66: 960 | F66: 960 | G66: 2L | H66: E | I66: 35 | J66: 28.743456 | K66: -81.542192
A67: Min Coll | B67: Keene Rd | C67: Clarcona Rd to Sheeler Rd | D67: COUNTY | E67: 7090 | F67: 7090* | G67: 2L | H67: E | I67: 45 | J67: 28.640278 | K67: -81.498606
A68: Min Coll | B68: Keene Rd | C68: Ocoee-Apopka Rd to Marden Rd | D68: COUNTY | E68: 930 | F68: 8066* | G68: 2L | H68: E | I68: 45 | J68: 28.640225 | K68: -81.532039
A69: Min Coll | B69: Keene Rd | C69: Marden Rd to Clarcona Rd | D69: CITY | E69: 568 | F69: 568 | G69: 2L | H69: E | I69: 45 | J69: 28.640271 | K69: -81.509992
A70: Min Coll | B70: Kelly Park Rd | C70: Mt. Plymouth Rd to Rock Springs Rd | D70: COUNTY | E70: 12.1 | F70: 12* | G70: 2L | H70: E | I70: 40 | J70: 28.757374 | K70: -81.5135
A71: Min Coll | B71: Kelly Park Rd | C71: SR 429 to Plymouth-Sorrento Rd (CR 437) | D71: COUNTY | E71: 10.1 | F71: 9* | G71: 2L | H71: E | I71: 55 | J71: 28.756804 | K71: -81.56196
A72: Min Coll | B72: Kelly Park Rd | C72: Jason Dwelley Pkwy to Mt. Plymouth Rd | D72: CITY | E72: 12 | F72: 12 | G72: 2L | H72: E | I72: 40 | J72: 28.757351 | K72: -81.525135
A73: Min Coll | B73: Kelly Park Rd | C73: Round Lake Rd to SR 429 | D73: CITY | E73: 9.1 | F73: 9.1 | G73: 2L | H73: E | I73: 55 | J73: 28.756476 | K73: -81.57719
A74: Min Coll | B74: Kelly Park Rd | C74: Plymouth-Sorrento Rd (CR 437) to Jason Dwelley Pkwy | D74: CITY | E74: 9 | F74: 9 | G74: 2L | H74: E | I74: 55 | J74: 28.757129 | K74: -81.550858
A75: Min Coll | B75: Kelly Park Road | C75: SR 429 to Plymouth Sorrento Road | D75: CITY | E75: 10.1 | F75: 10.1 | G75: 2L | H75: E | I75: 55 | J75: 28.756811 | K75: -81.561733
A76: Min Coll | B76: Kelly Park Road | C76: Round Lake Road to Waypointe Blvd | D76: CITY | E76: 9002 | F76: 9002 | G76: 2L | H76: E | I76: 55 | J76: 28.756364 | K76: -81.585686
A77: Min Coll | B77: King St | C77: Peterson Rd to Orange Ave | D77: CITY | E77: 585 | F77: 585 | G77: 2L | H77: E | I77: 35 | J77: 28.685603 | K77: -81.550456
A78: Min Coll | B78: Lake Ave/Marvin C Zanders Ave | C78: US 441 to 4th St | D78: CITY | E78: 402 | F78: 402 | G78: 2L | H78: D | I78: 25 | J78: 28.673413 | K78: -81.513607
A79: Min Coll | B79: Lake Ave/Marvin C Zanders Ave | C79: Martin St to Orange St | D79: CITY | E79: 513 | F79: 513 | G79: 2L | H79: D | I79: 25 | J79: 28.684532 | K79: -81.513418
A80: Min Coll | B80: Lake Ave/Marvin C Zanders Ave | C80: Orange St to US 441 | D80: CITY | E80: 515 | F80: 515 | G80: 2L | H80: D | I80: 25 | J80: 28.675935 | K80: -81.513618
A81: Min Coll | B81: Lake Cortez Dr | C81: SR 436 to Evelyn Dr | D81: CITY | E81: 811 | F81: 811 | G81: 2L | H81: E | I81: 25 | J81: 28.673876 | K81: -81.461467
A82: Min Coll | B82: Lake Doe Blvd | C82: US 441 to Dunn Cove Dr | D82: CITY | E82: 1015 | F82: 1015 | G82: 2L | H82: E | I82: 25 | J82: 28.684591 | K82: -81.53407
A83: Min Coll | B83: Lake Francis Dr | C83: Errol Pkwy to Vick Rd | D83: CITY | E83: 504 | F83: 504 | G83: 2L | H83: D | I83: 25 | J83: 28.710596 | K83: -81.52888
A84: Min Coll | B84: Lake Francis Dr | C84: Schopke Lester Rd to Errol Pkwy | D84: CITY | E84: 505 | F84: 505 | G84: 2L | H84: D | I84: 25 | J84: 28.707944 | K84: -81.538704
A85: Min Coll | B85: Lakeville Rd | C85: Beggs Rd to Clarcona Ocoee Rd | D85: COUNTY | E85: 67 | F85: 67* | G85: 2L | H85: E | I85: 50 | J85: 28.618316 | K85: -81.480383
A86: Min Art | B86: Lakeville Rd | C86: Apopka Blvd to Wildwood St | D86: CITY | E86: 657 | F86: 657 | G86: 2L | H86: E | I86: 50 | J86: 28.649221 | K86: -81.480456
A87: Min Coll | B87: Lakeville Rd | C87: Wildwood St to Beggs Rd | D87: COUNTY | E87: 30 | F87: (30, 31)* | G87: 2L | H87: E | I87: 50 | J87: 28.637006 | K87: -81.480452
A88: Min Coll | B88: Lester Rd | C88: Schopke Lester Rd to Plymouth-Sorrento Rd (CR 437) | D88: CITY | E88: 801 | F88: 801 | G88: 2L | H88: E | I88: 35 | J88: 28.713191 | K88: -81.551688
A89: Min Coll | B89: Lester Rd | C89: Vick Rd to Schopke Lester Rd | D89: CITY | E89: 506 | F89: 506 | G89: 2L | H89: E | I89: 35 | J89: 28.713611 | K89: -81.535033
A90: Min Coll | B90: Lester Rd | C90: Rock Springs Rd to Vick Rd | D90: CITY | E90: 583 | F90: 583 | G90: 2L | H90: E | I90: 35 | J90: 28.713597 | K90: -81.524836
A91: Min Coll | B91: Lust Rd | C91: Binion Rd to Avian Pointe Blvd | D91: CITY | E91: 526 | F91: 526 | G91: 2L | H91: E | I91: 30 | J91: 28.669164 | K91: -81.551367
A92: Min Coll | B92: Magee Avenue | C92: US 441 to E 6th Street | D92: CITY | E92: 413 | F92: 413 | G92: 2L | H92: E | I92: 30 | J92: 28.671358 | K92: -81.500556
A93: Min Coll | B93: Magee Avenue | C93: Monroe Ave to US 441 | D93: CITY | E93: 412 | F93: 412 | G93: 2L | H93: E | I93: 30 | J93: 28.673639 | K93: -81.500594
A94: Min Coll | B94: Marden Rd | C94: SR 414 to Keene Rd | D94: CITY | E94: 569 | F94: 569 | G94: 2L | H94: E | I94: 35 | J94: 28.645976 | K94: -81.525875
A95: Min Coll | B95: Marden Rd | C95: Marden Ridge Lp to SR 414 | D95: CITY | E95: 560 | F95: 560 | G95: 2L | H95: E | I95: 35 | J95: 28.653762 | K95: -81.525762
A96: Min Coll | B96: Marden Rd | C96: Ocoee-Apopka Rd to Marden Ridge Lp | D96: CITY | E96: 555 | F96: 555 | G96: 2L | H96: E | I96: 35 | J96: 28.659432 | K96: -81.525874
A97: Min Coll | B97: Marshall Lake Rd | C97: SR 451 to Bradshaw Rd | D97: CITY | E97: 584 | F97: 584 | G97: 2L | H97: E | I97: 35 | J97: 28.676753 | K97: -81.523869
A98: Min Coll | B98: Martin St | C98: Park Ave to Lake Ave | D98: CITY | E98: 519 | F98: 519 | G98: 2L | H98: E | I98: 25 | J98: 28.691231 | K98: -81.51093
A99: Min Coll | B99: Martin St | C99: Maine Ave to Vick Rd | D99: CITY | E99: 830 | F99: 830 | G99: 2L | H99: E | I99: 25 | J99: 28.691524 | K99: -81.522007
... A102: Min Coll | B102: Monroe Ave | C102: Alabama Ave to Sheeler Rd | D102: CITY | E102: 604 | F102: 604 | G102: 2L | H102: D | I102: 25 | J102: 28.674932 | K102: -81.497225
A103: Min Coll | B103: Mt. Plymouth Rd | C103: Kelly Park Rd to Haas Rd | D103: COUNTY | E103: 17 | F103: 17* | G103: 2L | H103: E | I103: 45 | J103: 28.76346 | K103: -81.52036
A104: Min Coll | B104: Mt. Plymouth Rd | C104: Haas Rd to Lake County Line | D104: CITY | E104: 17.1 | F104: 17.1 | G104: 2L | H104: E | I104: 45 | J104: 28.776078 | K104: -81.526318
A105: Min Coll | B105: North Maine Ave | C105: Martin St to Old Dixie Hwy | D105: CITY | E105: 512 | F105: 512 | G105: 2L | H105: D | I105: 25 | J105: 28.685063 | K105: -81.520552
A106: Min Coll | B106: Old Dixie Hwy/West Highland Ave/Orange St | C106: Vick Rd to Bradshaw Rd | D106: CITY | E106: 674 | F106: 674 | G106: 2L | H106: E | I106: 35 | J106: 28.681452 | K106: -81.522817
A107: Min Coll | B107: Old Dixie Hwy/West Highland Ave/Orange St | C107: Boy Scout Blvd to Errol Pkwy | D107: CITY | E107: 510 | F107: 510 | G107: 2L | H107: E | I107: 35 | J107: 28.690886 | K107: -81.541588
A108: Min Coll | B108: Old Dixie Hwy/West Highland Ave/Orange St | C108: Errol Pkwy to Vick Rd | D108: CITY | E108: 511 | F108: 511 | G108: 2L | H108: E | I108: 35 | J108: 28.686122 | K108: -81.530771
A109: Min Coll | B109: Old Dixie Hwy/West Highland Ave/Orange St | C109: Hawthorne Ave to Park Ave | D109: CITY | E109: 514 | F109: 514 | G109: 2L | H109: E | I109: 25 | J109: 28.677949 | K109: -81.514544
A110: Min Coll | B110: Old Dixie Hwy/West Highland Ave/Orange St | C110: Bradshaw Rd to Hawthorne Ave | D110: CITY | E110: 518 | F110: 518 | G110: 2L | H110: E | I110: 25 | J110: 28.679122 | K110: -81.519422
A111: Min Coll | B111: Old Dixie Hwy/West Highland Ave/Orange St | C111: Plymouth-Sorrento Rd (CR 437) to Boy Scout Blvd | D111: CITY | E111: 582 | F111: 582 | G111: 2L | H111: E | I111: 35 | J111: 28.693738 | K111: -81.551315
A112: Min Coll | B112: Ondich Rd | C112: Effie Dr to Plymouth-Sorrento Rd (CR 437) | D112: CITY | E112: 817 | F112: 817 | G112: 2L | H112: E | I112: 30 | J112: 28.77131 | K112: -81.56361
A113: Min Coll | B113: Ondich Rd | C113: Round Lake Rd to Effie Dr | D113: CITY | E113: 901 | F113: 901 | G113: 2L | H113: E | I113: 30 | J113: 28.771093 | K113: -81.576296
A114: Min Coll | B114: Overland Rd | C114: Apopka Rd to Beggs Rd | D114: CITY | E114: 672 | F114: 672 | G114: 2L | H114: E | I114: 45 | J114: 28.631368 | K114: -81.459826
A115: Min Coll | B115: Peterson Rd | C115: Grand Avian Pkwy to King St | D115: CITY | E115: 586 | F115: 586 | G115: 2L | H115: E | I115: 35 | J115: 28.631368 | K115: -81.459826
A116: Min Art | B116: Plymouth-Sorrento Rd | C116: Appy Ln to Ponkan Rd | D116: COUNTY | E116: 11 | F116: (11, 8164)* | G116: 2L | H116: E | I116: 55 | J116: 28.72894 | K116: -81.5597
...

Sheet Input
Y1: Existing Year
Y2: 2024
L6: Exiting | O6: Improved | R6: =$AA$3&" Existing Conditions" -> Existing Conditions | AJ6: Daily/2way/Directional per Agency
B7: Seg | C7: Segment Information | F7: Exist | G7: Imp | H7: LOS | I7: Functional | J7: Facility | K7: Context | L7: Daily | M7: 2-Way | N7: Dir | O7: Daily | P7: Peak | Q7: Dir | R7: Daily | U7: AM 2-Way | X7: PM 2-Way | AA7: AM Directional | AE7: PM Directional | AI7: GR | AJ7: Adjusted Service Volumes
B8: ID | C8: Roadway | D8: From | E8: To | F8: Lns | G8: Lns | H8: Std | I8: Class | J8: Type | K8: Classification | L8: Cap | M8: Cap | N8: Cap | O8: Cap | P8: Cap | Q8: Cap | R8: Volume | S8: V/C | T8: LOS | U8: Vol | V8: V/C | W8: LOS | X8: Vol | Y8: V/C | Z8: LOS | AA8: NB/EB | AB8: SB/WB | AC8: V/C | AD8: LOS | AE8: NB/EB | AF8: SB/WB | AG8: V/C | AH8: LOS | AJ8: B | AK8: C | AL8: D | AM8: E
B9: ='2025MasterFile-Stat'!F3 -> 411 | C9: ='2025MasterFile-Stat'!B3 -> 10th St | D9: =LEFT('2025MasterFile-Stat'!C3,FIND(" to ",'2025MasterFile-Stat'!C3)-1) -> Alabama Ave | E9: =RIGHT('2025MasterFile-Stat'!C3,LEN('2025MasterFile-Stat'!C3)-FIND(" to ",'2025MasterFile-Stat'!C3)-3) -> Sheeler Ave | F9: ='2025MasterFile-Stat'!G3 -> 2L | H9: ='2025MasterFile-Stat'!H3 -> E | I9: ='2025MasterFile-Stat'!A3 -> Min Coll | L9: =IF(Cap!H3="A",Cap!O3, IF(Cap!H3="B",Cap!P3, IF(Cap!H3="C",Cap!Q3, IF(Cap!H3="D",Cap!R3, IF(Cap!H3="E",Cap!S3,""))))) -> 10100 | N9: =IF(Cap!H3="A",Cap!J3, IF(Cap!H3="B",Cap!K3, IF(Cap!H3="C",Cap!L3, IF(Cap!H3="D",Cap!M3, IF(Cap!H3="E",Cap!N3,""))))) -> 520 | R9: =LOS!J3 -> 467 | T9: =LOS!K3 -> C | AA9: =LOS!L3 -> 18 | AB9: =LOS!M3 -> 19 | AD9: =LOS!Q3 -> C | AE9: =LOS!R3 -> 18 | AF9: =LOS!S3 -> 18 | AH9: =LOS!W3 -> C | AI9: =(Trend!L3) -> -0.8137045 | AJ9: =Cap!K3 -> 0 | AK9: =Cap!L3 -> 240 | AL9: =Cap!M3 -> 490 | AM9: =Cap!N3 -> 520
B10: ='2025MasterFile-Stat'!F4 -> 840 | C10: ='2025MasterFile-Stat'!B4 -> 13th St | D10: =LEFT('2025MasterFile-Stat'!C4,FIND(" to ",'2025MasterFile-Stat'!C4)-1) -> Ocoee-Apopka Rd | E10: =RIGHT('2025MasterFile-Stat'!C4,LEN('2025MasterFile-Stat'!C4)-FIND(" to ",'2025MasterFile-Stat'!C4)-3) -> Park Ave | F10: ='2025MasterFile-Stat'!G4 -> 2L | H10: ='2025MasterFile-Stat'!H4 -> E | I10: ='2025MasterFile-Stat'!A4 -> Min Coll | L10: =IF(Cap!H4="A",Cap!O4, IF(Cap!H4="B",Cap!P4, IF(Cap!H4="C",Cap!Q4, IF(Cap!H4="D",Cap!R4, IF(Cap!H4="E",Cap!S4,""))))) -> 10100 | N10: =IF(Cap!H4="A",Cap!J4, IF(Cap!H4="B",Cap!K4, IF(Cap!H4="C",Cap!L4, IF(Cap!H4="D",Cap!M4, IF(Cap!H4="E",Cap!N4,""))))) -> 520 | R10: =LOS!J4 -> 3017 | T10: =LOS!K4 -> C | AA10: =LOS!L4 -> 101 | AB10: =LOS!M4 -> 130 | AD10: =LOS!Q4 -> C | AE10: =LOS!R4 -> 137 | AF10: =LOS!S4 -> 120 | AH10: =LOS!W4 -> C | AI10: =(Trend!L4) -> 4.0835267 | AJ10: =Cap!K4 -> 0 | AK10: =Cap!L4 -> 240 | AL10: =Cap!M4 -> 490 | AM10: =Cap!N4 -> 520
B11: ='2025MasterFile-Stat'!F5 -> 841 | C11: ='2025MasterFile-Stat'!B5 -> 13th St | D11: =LEFT('2025MasterFile-Stat'!C5,FIND(" to ",'2025MasterFile-Stat'!C5)-1) -> Park Ave | E11: =RIGHT('2025MasterFile-Stat'!C5,LEN('2025MasterFile-Stat'!C5)-FIND(" to ",'2025MasterFile-Stat'!C5)-3) -> Apopka Blvd | F11: ='2025MasterFile-Stat'!G5 -> 2L | H11: ='2025MasterFile-Stat'!H5 -> E | I11: ='2025MasterFile-Stat'!A5 -> Min Coll | L11: =IF(Cap!H5="A",Cap!O5, IF(Cap!H5="B",Cap!P5, IF(Cap!H5="C",Cap!Q5, IF(Cap!H5="D",Cap!R5, IF(Cap!H5="E",Cap!S5,""))))) -> 10100 | N11: =IF(Cap!H5="A",Cap!J5, IF(Cap!H5="B",Cap!K5, IF(Cap!H5="C",Cap!L5, IF(Cap!H5="D",Cap!M5, IF(Cap!H5="E",Cap!N5,""))))) -> 520 | R11: =LOS!J5 -> 3788 | T11: =LOS!K5 -> C | AA11: =LOS!L5 -> 150 | AB11: =LOS!M5 -> 88 | AD11: =LOS!Q5 -> C | AE11: =LOS!R5 -> 129 | AF11: =LOS!S5 -> 196 | AH11: =LOS!W5 -> C | AI11: =(Trend!L5) -> 1.9244984 | AJ11: =Cap!K5 -> 0 | AK11: =Cap!L5 -> 240 | AL11: =Cap!M5 -> 490 | AM11: =Cap!N5 -> 520
B12: ='2025MasterFile-Stat'!F6 -> 401 | C12: ='2025MasterFile-Stat'!B6 -> 2nd St (Monroe Ave) | D12: =LEFT('2025MasterFile-Stat'!C6,FIND(" to ",'2025MasterFile-Stat'!C6)-1) -> Central Ave | E12: =RIGHT('2025MasterFile-Stat'!C6,LEN('2025MasterFile-Stat'!C6)-FIND(" to ",'2025MasterFile-Stat'!C6)-3) -> Park Ave | F12: ='2025MasterFile-Stat'!G6 -> 2L | H12: ='2025MasterFile-Stat'!H6 -> D | I12: ='2025MasterFile-Stat'!A6 -> Min Coll | L12: =IF(Cap!H6="A",Cap!O6, IF(Cap!H6="B",Cap!P6, IF(Cap!H6="C",Cap!Q6, IF(Cap!H6="D",Cap!R6, IF(Cap!H6="E",Cap!S6,""))))) -> 9600 | N12: =IF(Cap!H6="A",Cap!J6, IF(Cap!H6="B",Cap!K6, IF(Cap!H6="C",Cap!L6, IF(Cap!H6="D",Cap!M6, IF(Cap!H6="E",Cap!N6,""))))) -> 490 | R12: =LOS!J6 -> 897 | T12: =LOS!K6 -> C | AA12: =LOS!L6 -> 31 | AB12: =LOS!M6 -> 32 | AD12: =LOS!Q6 -> C | AE12: =LOS!R6 -> 40 | AF12: =LOS!S6 -> 50 | AH12: =LOS!W6 -> C | AI12: =(Trend!L6) -> -5.3957637 | AJ12: =Cap!K6 -> 0 | AK12: =Cap!L6 -> 240 | AL12: =Cap!M6 -> 490 | AM12: =Cap!N6 -> 520
B13: ='2025MasterFile-Stat'!F7 -> 403 | C13: ='2025MasterFile-Stat'!B7 -> 5th St | D13: =LEFT('2025MasterFile-Stat'!C7,FIND(" to ",'2025MasterFile-Stat'!C7)-1) -> Park Ave | E13: =RIGHT('2025MasterFile-Stat'!C7,LEN('2025MasterFile-Stat'!C7)-FIND(" to ",'2025MasterFile-Stat'!C7)-3) -> Highland Ave | F13: ='2025MasterFile-Stat'!G7 -> 2L | H13: ='2025MasterFile-Stat'!H7 -> D | I13: ='2025MasterFile-Stat'!A7 -> Min Coll | L13: =IF(Cap!H7="A",Cap!O7, IF(Cap!H7="B",Cap!P7, IF(Cap!H7="C",Cap!Q7, IF(Cap!H7="D",Cap!R7, IF(Cap!H7="E",Cap!S7,""))))) -> 9600 | N13: =IF(Cap!H7="A",Cap!J7, IF(Cap!H7="B",Cap!K7, IF(Cap!H7="C",Cap!L7, IF(Cap!H7="D",Cap!M7, IF(Cap!H7="E",Cap!N7,""))))) -> 490 | R13: =LOS!J7 -> 1778 | T13: =LOS!K7 -> C | AA13: =LOS!L7 -> 113 | AB13: =LOS!M7 -> 96 | AD13: =LOS!Q7 -> C | AE13: =LOS!R7 -> 83 | AF13: =LOS!S7 -> 63 | AH13: =LOS!W7 -> C | AI13: =(Trend!L7) -> -29.769404 | AJ13: =Cap!K7 -> 0 | AK13: =Cap!L7 -> 240 | AL13: =Cap!M7 -> 490 | AM13: =Cap!N7 -> 520
B14: ='2025MasterFile-Stat'!F8 -> 650 | C14: ='2025MasterFile-Stat'!B8 -> 6th St | D14: =LEFT('2025MasterFile-Stat'!C8,FIND(" to ",'2025MasterFile-Stat'!C8)-1) -> Park Ave | E14: =RIGHT('2025MasterFile-Stat'!C8,LEN('2025MasterFile-Stat'!C8)-FIND(" to ",'2025MasterFile-Stat'!C8)-3) -> Alabama Ave | F14: ='2025MasterFile-Stat'!G8 -> 2L | H14: ='2025MasterFile-Stat'!H8 -> D | I14: ='2025MasterFile-Stat'!A8 -> Min Coll | L14: =IF(Cap!H8="A",Cap!O8, IF(Cap!H8="B",Cap!P8, IF(Cap!H8="C",Cap!Q8, IF(Cap!H8="D",Cap!R8, IF(Cap!H8="E",Cap!S8,""))))) -> 9600 | N14: =IF(Cap!H8="A",Cap!J8, IF(Cap!H8="B",Cap!K8, IF(Cap!H8="C",Cap!L8, IF(Cap!H8="D",Cap!M8, IF(Cap!H8="E",Cap!N8,""))))) -> 490 | R14: =LOS!J8 -> 2283 | T14: =LOS!K8 -> C | AA14: =LOS!L8 -> 48 | AB14: =LOS!M8 -> 115 | AD14: =LOS!Q8 -> C | AE14: =LOS!R8 -> 69 | AF14: =LOS!S8 -> 165 | AH14: =LOS!W8 -> C | AI14: =(Trend!L8) -> -17.542707 | AJ14: =Cap!K8 -> 0 | AK14: =Cap!L8 -> 240 | AL14: =Cap!M8 -> 490 | AM14: =Cap!N8 -> 520
B15: ='2025MasterFile-Stat'!F9 -> 410 | C15: ='2025MasterFile-Stat'!B9 -> 6th St | D15: =LEFT('2025MasterFile-Stat'!C9,FIND(" to ",'2025MasterFile-Stat'!C9)-1) -> Alabama Ave | E15: =RIGHT('2025MasterFile-Stat'!C9,LEN('2025MasterFile-Stat'!C9)-FIND(" to ",'2025MasterFile-Stat'!C9)-3) -> US 441 | F15: ='2025MasterFile-Stat'!G9 -> 2L | H15: ='2025MasterFile-Stat'!H9 -> D | I15: ='2025MasterFile-Stat'!A9 -> Min Coll | L15: =IF(Cap!H9="A",Cap!O9, IF(Cap!H9="B",Cap!P9, IF(Cap!H9="C",Cap!Q9, IF(Cap!H9="D",Cap!R9, IF(Cap!H9="E",Cap!S9,""))))) -> 9600 | N15: =IF(Cap!H9="A",Cap!J9, IF(Cap!H9="B",Cap!K9, IF(Cap!H9="C",Cap!L9, IF(Cap!H9="D",Cap!M9, IF(Cap!H9="E",Cap!N9,""))))) -> 490 | R15: =LOS!J9 -> 1435 | T15: =LOS!K9 -> C | AA15: =LOS!L9 -> 50 | AB15: =LOS!M9 -> 57 | AD15: =LOS!Q9 -> C | AE15: =LOS!R9 -> 57 | AF15: =LOS!S9 -> 87 | AH15: =LOS!W9 -> C | AI15: =(Trend!L9) -> -8.2926829 | AJ15: =Cap!K9 -> 0 | AK15: =Cap!L9 -> 240 | AL15: =Cap!M9 -> 490 | AM15: =Cap!N9 -> 520
B16: ='2025MasterFile-Stat'!F10 -> 404 | C16: ='2025MasterFile-Stat'!B10 -> 8th St | D16: =LEFT('2025MasterFile-Stat'!C10,FIND(" to ",'2025MasterFile-Stat'!C10)-1) -> Park Ave | E16: =RIGHT('2025MasterFile-Stat'!C10,LEN('2025MasterFile-Stat'!C10)-FIND(" to ",'2025MasterFile-Stat'!C10)-3) -> Highland Ave | F16: ='2025MasterFile-Stat'!G10 -> 2L | H16: ='2025MasterFile-Stat'!H10 -> D | I16: ='2025MasterFile-Stat'!A10 -> Min Coll | L16: =IF(Cap!H10="A",Cap!O10, IF(Cap!H10="B",Cap!P10, IF(Cap!H10="C",Cap!Q10, IF(Cap!H10="D",Cap!R10, IF(Cap!H10="E",Cap!S10,""))))) -> 9600 | N16: =IF(Cap!H10="A",Cap!J10, IF(Cap!H10="B",Cap!K10, IF(Cap!H10="C",Cap!L10, IF(Cap!H10="D",Cap!M10, IF(Cap!H10="E",Cap!N10,""))))) -> 490 | R16: =LOS!J10 -> 3069 | T16: =LOS!K10 -> C | AA16: =LOS!L10 -> 86 | AB16: =LOS!M10 -> 92 | AD16: =LOS!Q10 -> C | AE16: =LOS!R10 -> 127 | AF16: =LOS!S10 -> 164 | AH16: =LOS!W10 -> C | AI16: =(Trend!L10) -> -16.74161 | AJ16: =Cap!K10 -> 0 | AK16: =Cap!L10 -> 240 | AL16: =Cap!M10 -> 490 | AM16: =Cap!N10 -> 520
B17: ='2025MasterFile-Stat'!F11 -> 333 | C17: ='2025MasterFile-Stat'!B11 -> 9th St | D17: =LEFT('2025MasterFile-Stat'!C11,FIND(" to ",'2025MasterFile-Stat'!C11)-1) -> Central Ave | E17: =RIGHT('2025MasterFile-Stat'!C11,LEN('2025MasterFile-Stat'!C11)-FIND(" to ",'2025MasterFile-Stat'!C11)-3) -> Park Ave | F17: ='2025MasterFile-Stat'!G11 -> 2L | H17: ='2025MasterFile-Stat'!H11 -> E | I17: ='2025MasterFile-Stat'!A11 -> Min Coll | L17: =IF(Cap!H11="A",Cap!O11, IF(Cap!H11="B",Cap!P11, IF(Cap!H11="C",Cap!Q11, IF(Cap!H11="D",Cap!R11, IF(Cap!H11="E",Cap!S11,""))))) -> 10100 | N17: =IF(Cap!H11="A",Cap!J11, IF(Cap!H11="B",Cap!K11, IF(Cap!H11="C",Cap!L11, IF(Cap!H11="D",Cap!M11, IF(Cap!H11="E",Cap!N11,""))))) -> 520 | R17: =LOS!J11 -> 3797 | T17: =LOS!K11 -> C | AA17: =LOS!L11 -> 134 | AB17: =LOS!M11 -> 114 | AD17: =LOS!Q11 -> C | AE17: =LOS!R11 -> 181 | AF17: =LOS!S11 -> 130 | AH17: =LOS!W11 -> C | AI17: =(Trend!L11) -> -6.1416908 | AJ17: =Cap!K11 -> 0 | AK17: =Cap!L11 -> 240 | AL17: =Cap!M11 -> 490 | AM17: =Cap!N11 -> 520
B18: ='2025MasterFile-Stat'!F12 -> 409 | C18: ='2025MasterFile-Stat'!B12 -> Alabama Ave | D18: =LEFT('2025MasterFile-Stat'!C12,FIND(" to ",'2025MasterFile-Stat'!C12)-1) -> Monroe Ave | E18: =RIGHT('2025MasterFile-Stat'!C12,LEN('2025MasterFile-Stat'!C12)-FIND(" to ",'2025MasterFile-Stat'!C12)-3) -> US 441 | F18: ='2025MasterFile-Stat'!G12 -> 2L | H18: ='2025MasterFile-Stat'!H12 -> E | I18: ='2025MasterFile-Stat'!A12 -> Min Coll | L18: =IF(Cap!H12="A",Cap!O12, IF(Cap!H12="B",Cap!P12, IF(Cap!H12="C",Cap!Q12, IF(Cap!H12="D",Cap!R12, IF(Cap!H12="E",Cap!S12,""))))) -> 10100 | N18: =IF(Cap!H12="A",Cap!J12, IF(Cap!H12="B",Cap!K12, IF(Cap!H12="C",Cap!L12, IF(Cap!H12="D",Cap!M12, IF(Cap!H12="E",Cap!N12,""))))) -> 520 | R18: =LOS!J12 -> 297 | T18: =LOS!K12 -> C | AA18: =LOS!L12 -> 9 | AB18: =LOS!M12 -> 8 | AD18: =LOS!Q12 -> C | AE18: =LOS!R12 -> 20 | AF18: =LOS!S12 -> 7 | AH18: =LOS!W12 -> C | AI18: =(Trend!L12) -> -9.4276094 | AJ18: =Cap!K12 -> 0 | AK18: =Cap!L12 -> 240 | AL18: =Cap!M12 -> 490 | AM18: =Cap!N12 -> 520
B19: ='2025MasterFile-Stat'!F13 -> 971 | C19: ='2025MasterFile-Stat'!B13 -> Appy Ln | D19: =LEFT('2025MasterFile-Stat'!C13,FIND(" to ",'2025MasterFile-Stat'!C13)-1) -> Plymouth-Sorrento Rd (CR 437) | E19: =RIGHT('2025MasterFile-Stat'!C13,LEN('2025MasterFile-Stat'!C13)-FIND(" to ",'2025MasterFile-Stat'!C13)-3) -> Jason Dwelley Pkwy | F19: ='2025MasterFile-Stat'!G13 -> 2L | H19: ='2025MasterFile-Stat'!H13 -> E | I19: ='2025MasterFile-Stat'!A13 -> Min Coll | L19: =IF(Cap!H13="A",Cap!O13, IF(Cap!H13="B",Cap!P13, IF(Cap!H13="C",Cap!Q13, IF(Cap!H13="D",Cap!R13, IF(Cap!H13="E",Cap!S13,""))))) -> 14000 | N19: =IF(Cap!H13="A",Cap!J13, IF(Cap!H13="B",Cap!K13, IF(Cap!H13="C",Cap!L13, IF(Cap!H13="D",Cap!M13, IF(Cap!H13="E",Cap!N13,""))))) -> 720 | R19: =LOS!J13 -> 1224 | T19: =LOS!K13 -> C | AA19: =LOS!L13 -> 89 | AB19: =LOS!M13 -> 95 | AD19: =LOS!Q13 -> C | AE19: =LOS!R13 -> 49 | AF19: =LOS!S13 -> 36 | AH19: =LOS!W13 -> C | AI19: =(Trend!L13) -> -2.998366 | AJ19: =Cap!K13 -> 0 | AK19: =Cap!L13 -> 330 | AL19: =Cap!M13 -> 680 | AM19: =Cap!N13 -> 720
B20: ='2025MasterFile-Stat'!F14 -> 404* | C20: ='2025MasterFile-Stat'!B14 -> Binion Rd/Orange Ave | D20: =LEFT('2025MasterFile-Stat'!C14,FIND(" to ",'2025MasterFile-Stat'!C14)-1) -> Lakeview Dr | E20: =RIGHT('2025MasterFile-Stat'!C14,LEN('2025MasterFile-Stat'!C14)-FIND(" to ",'2025MasterFile-Stat'!C14)-3) -> US 441 | F20: ='2025MasterFile-Stat'!G14 -> 2L | H20: ='2025MasterFile-Stat'!H14 -> E | I20: ='2025MasterFile-Stat'!A14 -> Min Coll | L20: =IF(Cap!H14="A",Cap!O14, IF(Cap!H14="B",Cap!P14, IF(Cap!H14="C",Cap!Q14, IF(Cap!H14="D",Cap!R14, IF(Cap!H14="E",Cap!S14,""))))) -> 17700 | N20: =IF(Cap!H14="A",Cap!J14, IF(Cap!H14="B",Cap!K14, IF(Cap!H14="C",Cap!L14, IF(Cap!H14="D",Cap!M14, IF(Cap!H14="E",Cap!N14,""))))) -> 880 | R20: =LOS!J14 -> 6029 | T20: =LOS!K14 -> C | AA20: =LOS!L14 -> 239 | AB20: =LOS!M14 -> 348 | AD20: =LOS!Q14 -> C | AE20: =LOS!R14 -> 320 | AF20: =LOS!S14 -> 230 | AH20: =LOS!W14 -> C | AI20: =(Trend!L14) -> 3.9645844 | AJ20: =Cap!K14 -> 0 | AK20: =Cap!L14 -> 830 | AL20: =Cap!M14 -> 880 | AM20: =Cap!N14 -> 880
... B201: ='2025MasterFile-Stat'!F195 -> 800 | C201: ='2025MasterFile-Stat'!B195 -> Yothers Rd | D201: =LEFT('2025MasterFile-Stat'!C195,FIND(" to ",'2025MasterFile-Stat'!C195)-1) -> US 441 | E201: =RIGHT('2025MasterFile-Stat'!C195,LEN('2025MasterFile-Stat'!C195)-FIND(" to ",'2025MasterFile-Stat'!C195)-3) -> Hermit Smith Rd | F201: ='2025MasterFile-Stat'!G195 -> 2L | H201: ='2025MasterFile-Stat'!H195 -> E | I201: ='2025MasterFile-Stat'!A195 -> Min Coll | L201: =IF(Cap!H195="A",Cap!O195, IF(Cap!H195="B",Cap!P195, IF(Cap!H195="C",Cap!Q195, IF(Cap!H195="D",Cap!R195, IF(Cap!H195="E",Cap!S195,""))))) -> 14000 | N201: =IF(Cap!H195="A",Cap!J195, IF(Cap!H195="B",Cap!K195, IF(Cap!H195="C",Cap!L195, IF(Cap!H195="D",Cap!M195, IF(Cap!H195="E",Cap!N195,""))))) -> 720 | R201: =LOS!J195 -> 2374 | T201: =LOS!K195 -> C | AA201: =LOS!L195 -> 65 | AB201: =LOS!M195 -> 140 | AD201: =LOS!Q195 -> C | AE201: =LOS!R195 -> 129 | AF201: =LOS!S195 -> 79 | AH201: =LOS!W195 -> C | AI201: =(Trend!L195) -> 5.168492 | AJ201: =Cap!K195 -> 0 | AK201: =Cap!L195 -> 330 | AL201: =Cap!M195 -> 680 | AM201: =Cap!N195 -> 720

Sheet Cap
A1: Class | B1: Roadway | C1: Segment | D1: Source | E1: 2022 Station | F1: 2025 Station | G1: Lns | H1: LOS Std | I1: Speed Limit | J1: Peak Hour Directional Service Volumes | O1: Daily Service Volumes
J2: A | K2: B | L2: C | M2: D | N2: E | O2: A | P2: B | Q2: C | R2: D | S2: E
A3: Min Coll | B3: 10th St | C3: Alabama Ave to Sheeler Ave | D3: CITY | E3: 411 | F3: 411 | G3: 2L | H3: E | I3: 30 | J3: 0 | K3: 0 | L3: 240 | M3: 490 | N3: 520 | O3: 0 | P3: 0 | Q3: 4700 | R3: 9600 | S3: 10100
A4: Min Coll | B4: 13th St | C4: Ocoee-Apopka Rd to Park Ave | D4: CITY | E4: 840 | F4: 840 | G4: 2L | H4: E | I4: 25 | J4: 0 | K4: 0 | L4: 240 | M4: 490 | N4: 520 | O4: 0 | P4: 0 | Q4: 4700 | R4: 9600 | S4: 10100
A5: Min Coll | B5: 13th St | C5: Park Ave to Apopka Blvd | D5: CITY | E5: 841 | F5: 841 | G5: 2L | H5: E | I5: 25 | J5: 0 | K5: 0 | L5: 240 | M5: 490 | N5: 520 | O5: 0 | P5: 0 | Q5: 4700 | R5: 9600 | S5: 10100
A6: Min Coll | B6: 2nd St (Monroe Ave) | C6: Central Ave to Park Ave | D6: CITY | E6: 401 | F6: 401 | G6: 2L | H6: D | I6: 30 | J6: 0 | K6: 0 | L6: 240 | M6: 490 | N6: 520 | O6: 0 | P6: 0 | Q6: 4700 | R6: 9600 | S6: 10100
A7: Min Coll | B7: 5th St | C7: Park Ave to Highland Ave | D7: CITY | E7: 403 | F7: 403 | G7: 2L | H7: D | I7: 30 | J7: 0 | K7: 0 | L7: 240 | M7: 490 | N7: 520 | O7: 0 | P7: 0 | Q7: 4700 | R7: 9600 | S7: 10100
A8: Min Coll | B8: 6th St | C8: Park Ave to Alabama Ave | D8: CITY | E8: 650 | F8: 650 | G8: 2L | H8: D | I8: 30 | J8: 0 | K8: 0 | L8: 240 | M8: 490 | N8: 520 | O8: 0 | P8: 0 | Q8: 4700 | R8: 9600 | S8: 10100
A9: Min Coll | B9: 6th St | C9: Alabama Ave to US 441 | D9: CITY | E9: 410 | F9: 410 | G9: 2L | H9: D | I9: 30 | J9: 0 | K9: 0 | L9: 240 | M9: 490 | N9: 520 | O9: 0 | P9: 0 | Q9: 4700 | R9: 9600 | S9: 10100
A10: Min Coll | B10: 8th St | C10: Park Ave to Highland Ave | D10: CITY | E10: 404 | F10: 404 | G10: 2L | H10: D | I10: 30 | J10: 0 | K10: 0 | L10: 240 | M10: 490 | N10: 520 | O10: 0 | P10: 0 | Q10: 4700 | R10: 9600 | S10: 10100
A11: Min Coll | B11: 9th St | C11: Central Ave to Park Ave | D11: CITY | E11: 333 | F11: 333 | G11: 2L | H11: E | I11: 30 | J11: 0 | K11: 0 | L11: 240 | M11: 490 | N11: 520 | O11: 0 | P11: 0 | Q11: 4700 | R11: 9600 | S11: 10100
A12: Min Coll | B12: Alabama Ave | C12: Monroe Ave to US 441 | D12: CITY | E12: 409 | F12: 409 | G12: 2L | H12: E | I12: 25 | J12: 0 | K12: 0 | L12: 240 | M12: 490 | N12: 520 | O12: 0 | P12: 0 | Q12: 4700 | R12: 9600 | S12: 10100
A13: Min Coll | B13: Appy Ln | C13: Plymouth-Sorrento Rd (CR 437) to Jason Dwelley Pkwy | D13: CITY | E13: 971 | F13: 971 | G13: 2L | H13: E | I13: 35 | J13: 0 | K13: 0 | L13: 330 | M13: 680 | N13: 720 | O13: 0 | P13: 0 | Q13: 6600 | R13: 13320 | S13: 14000
A14: Min Coll | B14: Binion Rd/Orange Ave | C14: Lakeview Dr to US 441 | D14: COUNTY | E14: 554 | F14: 404* | G14: 2L | H14: E | I14: 40 | J14: 0 | K14: 0 | L14: 830 | M14: 880 | N14: 880 | O14: 0 | P14: 0 | Q14: 16800 | R14: 17700 | S14: 17700
A15: Min Coll | B15: Binion Rd/Orange Ave | C15: Boy Scout Rd to Lakeview Dr | D15: COUNTY | E15: 553 | F15: (404, 327)* | G15: 2L | H15: E | I15: 40 | J15: 0 | K15: 0 | L15: 830 | M15: 880 | N15: 880 | O15: 0 | P15: 0 | Q15: 16800 | R15: 17700 | S15: 17700
A16: Min Coll | B16: Binion Rd/Orange Ave | C16: Ocoee-Apopka Rd to Harmon Rd | D16: COUNTY | E16: 28 | F16: 28* | G16: 2L | H16: E | I16: 55 | J16: 0 | K16: 0 | L16: 830 | M16: 880 | N16: 880 | O16: 0 | P16: 0 | Q16: 16800 | R16: 17700 | S16: 17700
A17: Min Coll | B17: Binion Rd/Orange Ave | C17: Harmon Rd to Boy Scout Rd | D17: CITY | E17: 673 | F17: 673 | G17: 2L | H17: E | I17: 55 | J17: 0 | K17: 0 | L17: 830 | M17: 880 | N17: 880 | O17: 0 | P17: 0 | Q17: 16800 | R17: 17700 | S17: 17700
A18: Min Coll | B18: Boy Scout Rd | C18: Binion Rd to Ocoee-Apopka Rd | D18: CITY | E18: 556 | F18: 556 | G18: 2L | H18: E | I18: 45 | J18: 0 | K18: 0 | L18: 750 | M18: 790 | N18: 790 | O18: 0 | P18: 0 | Q18: 15100 | R18: 15900 | S18: 15900
A19: Min Coll | B19: Bradshaw Rd | C19: US 441 to Ocoee-Apopka Rd | D19: CITY | E19: 557 | F19: 557 | G19: 2L | H19: E | I19: 45 | J19: 0 | K19: 0 | L19: 750 | M19: 790 | N19: 790 | O19: 0 | P19: 0 | Q19: 15100 | R19: 15900 | S19: 15900
A20: Min Art | B20: CR 424 (Alabama Ave/Apopka Blvd) | C20: Hiawassee Rd to Overland Rd | D20: COUNTY | E20: 33.1 | F20: 33* | G20: 2L | H20: E | I20: 35 | J20: 0 | K20: 0 | L20: 370 | M20: 750 | N20: 800 | O20: 0 | P20: 0 | Q20: 7300 | R20: 14800 | S20: 15600
A21: Min Art | B21: CR 424 (Alabama Ave/Apopka Blvd) | C21: 8th St to Sheeler Rd | D21: COUNTY | E21: 651 | F21: 1008* | G21: 2L | H21: E | I21: 45 | J21: 0 | K21: 0 | L21: 830 | M21: 880 | N21: 880 | O21: 0 | P21: 0 | Q21: 16800 | R21: 17700 | S21: 17700
A22: Min Art | B22: CR 424 (Alabama Ave/Apopka Blvd) | C22: Overland Rd to US 441 | D22: CITY | E22: 671 | F22: 671 | G22: 2L | H22: E | I22: 35 | J22: 0 | K22: 0 | L22: 370 | M22: 750 | N22: 800 | O22: 0 | P22: 0 | Q22: 7300 | R22: 14800 | S22: 15600
A23: Min Art | B23: CR 424 (Alabama Ave/Apopka Blvd) | C23: Lakeville Rd to Hiawassee Rd | D23: CITY | E23: 658 | F23: 658 | G23: 3L | H23: E | I23: 40 | J23: 0 | K23: 0 | L23: 870 | M23: 920 | N23: 920 | O23: 0 | P23: 0 | Q23: 17600 | R23: 18600 | S23: 18600
A24: Min Art | B24: CR 424 (Alabama Ave/Apopka Blvd) | C24: Sheeler Rd to Lakeville Rd | D24: COUNTY | E24: 653 | F24: 7033* | G24: 2L | H24: E | I24: 40 | J24: 0 | K24: 0 | L24: 830 | M24: 880 | N24: 880 | O24: 0 | P24: 0 | Q24: 16800 | R24: 17700 | S24: 17700
A25: Min Art | B25: CR 424 (Alabama Ave/Apopka Blvd) | C25: US 441 to 8th St | D25: CITY | E25: 670 | F25: 670 | G25: 2L | H25: E | I25: 45 | J25: 0 | K25: 0 | L25: 370 | M25: 750 | N25: 800 | O25: 0 | P25: 0 | Q25: 7300 | R25: 14800 | S25: 15600
A26: Min Art | B26: CR 435 (Rock Spring Rd/Park Ave/Clarcona Rd) | C26: Keene Rd to McCormick Rd | D26: COUNTY | E26: 565 | F26: (32, 7004)* | G26: 2L | H26: E | I26: 45 | J26: 0 | K26: 0 | L26: 830 | M26: 880 | N26: 880 | O26: 0 | P26: 0 | Q26: 16800 | R26: 17700 | S26: 17700
A27: Min Art | B27: CR 435 (Rock Spring Rd/Park Ave/Clarcona Rd) | C27: M. Gladden Blvd to Cleveland St | D27: COUNTY | E27: 328.1 | F27: 328* | G27: 2L | H27: E | I27: 30 | J27: 0 | K27: 0 | L27: 370 | M27: 750 | N27: 800 | O27: 0 | P27: 0 | Q27: 7300 | R27: 14800 | S27: 15600
A28: Min Art | B28: CR 435 (Rock Spring Rd/Park Ave/Clarcona Rd) | C28: Votaw Rd to Orange St | D28: COUNTY | E28: 426 | F28: 426* | G28: 5L | H28: E | I28: 35 | J28: 0 | K28: 0 | L28: 730 | M28: 1630 | N28: 1700 | O28: 0 | P28: 0 | Q28: 14500 | R28: 32400 | S28: 33800
A29: Min Art | B29: CR 435 (Rock Spring Rd/Park Ave/Clarcona Rd) | C29: Welch Rd to Sandpiper Rd | D29: COUNTY | E29: 21 | F29: 21* | G29: 5L | H29: E | I29: 45 | J29: 0 | K29: 0 | L29: 1910 | M29: 2000 | N29: 2000 | O29: 0 | P29: 0 | Q29: 37900 | R29: 39800 | S29: 39800
A30: Min Art | B30: CR 435 (Rock Spring Rd/Park Ave/Clarcona Rd) | C30: Ponkan Rd to Welch Rd | D30: COUNTY | E30: 19 | F30: 19* | G30: 5L | H30: E | I30: 45 | J30: 0 | K30: 0 | L30: 1910 | M30: 2000 | N30: 2000 | O30: 0 | P30: 0 | Q30: 37900 | R30: 39800 | S30: 39800
A31: Min Art | B31: CR 435 (Rock Spring Rd/Park Ave/Clarcona Rd) | C31: McCormick Rd to Clarcona-Ocoee Rd | D31: CITY | E31: 7004 | F31: 7004 | G31: 2L | H31: E | I31: 45 | J31: 0 | K31: 0 | L31: 830 | M31: 880 | N31: 880 | O31: 0 | P31: 0 | Q31: 16800 | R31: 17700 | S31: 17700
A32: Min Art | B32: CR 435 (Rock Spring Rd/Park Ave/Clarcona Rd) | C32: Sandpiper Rd to Votaw Rd | D32: CITY | E32: 516 | F32: 516 | G32: 5L | H32: E | I32: 35 | J32: 0 | K32: 0 | L32: 730 | M32: 1630 | N32: 1700 | O32: 0 | P32: 0 | Q32: 14500 | R32: 32400 | S32: 33800
A33: Min Art | B33: CR 435 (Rock Spring Rd/Park Ave/Clarcona Rd) | C33: US 441 to M. Gladden Blvd | D33: CITY | E33: 563 | F33: 563 | G33: 2L | H33: E | I33: 30 | J33: 0 | K33: 0 | L33: 370 | M33: 750 | N33: 800 | O33: 0 | P33: 0 | Q33: 7300 | R33: 14800 | S33: 15600
A34: Min Art | B34: CR 435 (Rock Spring Rd/Park Ave/Clarcona Rd) | C34: Orange St to US 441 | D34: CITY | E34: 580 | F34: 580 | G34: 5L | H34: E | I34: 35 | J34: 0 | K34: 0 | L34: 730 | M34: 1630 | N34: 1700 | O34: 0 | P34: 0 | Q34: 14500 | R34: 32400 | S34: 33800
A35: Min Art | B35: CR 435 (Rock Spring Rd/Park Ave/Clarcona Rd) | C35: Cleveland St to Keene Rd | D35: COUNTY | E35: 564 | F35: 7005* | G35: 2L | H35: E | I35: 45 | J35: 0 | K35: 0 | L35: 830 | M35: 880 | N35: 880 | O35: 0 | P35: 0 | Q35: 16800 | R35: 17700 | S35: 17700
A36: Min Art | B36: CR 435 (Rock Spring Rd/Park Ave/Clarcona Rd) | C36: Kelly Park Rd to Ponkan Rd | D36: COUNTY | E36: 18.1 | F36: 18* | G36: 4LD | H36: E | I36: 45 | J36: 0 | K36: 0 | L36: 1910 | M36: 2000 | N36: 2000 | O36: 0 | P36: 0 | Q36: 37900 | R36: 39800 | S36: 39800
A37: Min Art | B37: CR 437A (Ocoee-Apopka Rd/Michael Gladden Blvd/Central Ave) | C37: Harmon Rd to Bradshaw Rd | D37: COUNTY | E37: 27 | F37: 27* | G37: 2L | H37: E | I37: 45 | J37: 0 | K37: 0 | L37: 830 | M37: 880 | N37: 880 | O37: 0 | P37: 0 | Q37: 16800 | R37: 17700 | S37: 17700
A38: Min Art | B38: CR 437A (Ocoee-Apopka Rd/Michael Gladden Blvd/Central Ave) | C38: Bradshaw Rd to Park Ave | D38: COUNTY | E38: 7083 | F38: 7083* | G38: 2L | H38: E | I38: 35 | J38: 0 | K38: 0 | L38: 370 | M38: 750 | N38: 800 | O38: 0 | P38: 0 | Q38: 7300 | R38: 14800 | S38: 15600
A39: Min Art | B39: CR 437A (Ocoee-Apopka Rd/Michael Gladden Blvd/Central Ave) | C39: Alston Bay Blvd to Harmon Rd | D39: COUNTY | E39: 559 | F39: (27, 29)* | G39: 4LD | H39: E | I39: 45 | J39: 0 | K39: 0 | L39: 830 | M39: 880 | N39: 880 | O39: 0 | P39: 0 | Q39: 16800 | R39: 17700 | S39: 17700
A40: Min Art | B40: CR 437A (Ocoee-Apopka Rd/Michael Gladden Blvd/Central Ave) | C40: Keene Rd to Alston Bay Blvd | D40: CITY | E40: 29 | F40: 29 | G40: 2L | H40: E | I40: 45 | J40: 0 | K40: 0 | L40: 830 | M40: 880 | N40: 880 | O40: 0 | P40: 0 | Q40: 16800 | R40: 17700 | S40: 17700
A41: Min Art | B41: CR 437A (Ocoee-Apopka Rd/Michael Gladden Blvd/Central Ave) | C41: Binion Rd to Keene Rd | D41: CITY | E41: 702 | F41: 702 | G41: 2L | H41: E | I41: 45 | J41: 0 | K41: 0 | L41: 830 | M41: 880 | N41: 880 | O41: 0 | P41: 0 | Q41: 16800 | R41: 17700 | S41: 17700
A42: Min Coll | B42: Christiana Ave | C42: Monroe Ave to Votaw Rd | D42: CITY | E42: 520 | F42: 520 | G42: 2L | H42: E | I42: 30 | J42: 0 | K42: 0 | L42: 240 | M42: 490 | N42: 520 | O42: 0 | P42: 0 | Q42: 4700 | R42: 9600 | S42: 10100
A43: Min Coll | B43: Cleveland St | C43: Park Ave to Sheeler Rd | D43: CITY | E43: 655 | F43: 655 | G43: 2L | H43: E | I43: 40 | J43: 0 | K43: 0 | L43: 750 | M43: 790 | N43: 790 | O43: 0 | P43: 0 | Q43: 15100 | R43: 15900 | S43: 15900
A44: Min Coll | B44: E 5th Street | C44: S Central Ave to Park Avenue | D44: CITY | E44: 414 | F44: 414 | G44: 2L | H44: D | I44: 30 | J44: 0 | K44: 0 | L44: 240 | M44: 490 | N44: 520 | O44: 0 | P44: 0 | Q44: 4700 | R44: 9600 | S44: 10100
A45: Min Coll | B45: Edgewood Dr | C45: Monroe Ave to US 441 | D45: CITY | E45: 408 | F45: 408 | G45: 2L | H45: E | I45: 30 | J45: 0 | K45: 0 | L45: 240 | M45: 490 | N45: 520 | O45: 0 | P45: 0 | Q45: 4700 | R45: 9600 | S45: 10100
A46: Min Coll | B46: Errol Pkwy | C46: Lake Francis Dr to Lake Alden Dr | D46: CITY | E46: 508 | F46: 508 | G46: 2L | H46: D | I46: 25 | J46: 0 | K46: 0 | L46: 350 | M46: 710 | N46: 760 | O46: 0 | P46: 0 | Q46: 6900 | R46: 13990 | S46: 14700
A47: Min Coll | B47: Errol Pkwy | C47: Lake Alden Dr to Old Dixie Hwy | D47: CITY | E47: 509 | F47: 509 | G47: 2L | H47: D | I47: 25 | J47: 0 | K47: 0 | L47: 330 | M47: 680 | N47: 720 | O47: 0 | P47: 0 | Q47: 6600 | R47: 13320 | S47: 14000
A48: Min Coll | B48: Errol Pkwy | C48: Old Dixie Hwy to US 441 | D48: CITY | E48: 541 | F48: 541 | G48: 2L | H48: D | I48: 30 | J48: 0 | K48: 0 | L48: 350 | M48: 710 | N48: 840 | O48: 0 | P48: 0 | Q48: 6900 | R48: 14000 | S48: 14700
A49: Min Coll | B49: General Electric Rd | C49: Hermit Smith Rd to Orange Ave | D49: CITY | E49: 931 | F49: 931 | G49: 2L | H49: E | I49: 40 | J49: 0 | K49: 0 | L49: 750 | M49: 790 | N49: 790 | O49: 0 | P49: 0 | Q49: 15100 | R49: 15900 | S49: 15900
A50: Min Coll | B50: Golden Gem Rd | C50: Kelly Park Rd to Sadler Rd | D50: CITY | E50: 909 | F50: 909 | G50: 2L | H50: E | I50: 30 | J50: 0 | K50: 0 | L50: 750 | M50: 790 | N50: 790 | O50: 0 | P50: 0 | Q50: 15100 | R50: 15900 | S50: 15900
A51: Min Coll | B51: Golden Gem Rd | C51: Sadler Rd to Ponkan Rd | D51: CITY | E51: 910 | F51: 910 | G51: 2L | H51: E | I51: 30 | J51: 0 | K51: 0 | L51: 330 | M51: 680 | N51: 720 | O51: 0 | P51: 0 | Q51: 6600 | R51: 13300 | S51: 14000
... A66: Min Coll | B66: Jason Dwelley Pkwy | C66: White Dahlia Dr to Ponkan Rd | D66: CITY | E66: 960 | F66: 960 | G66: 2L | H66: E | I66: 35 | J66: 0 | K66: 0 | L66: 330 | M66: 680 | N66: 720 | O66: 0 | P66: 0 | Q66: 6600 | R66: 13300 | S66: 14000
A67: Min Coll | B67: Keene Rd | C67: Clarcona Rd to Sheeler Rd | D67: COUNTY | E67: 7090 | F67: 7090* | G67: 2L | H67: E | I67: 45 | J67: 0 | K67: 0 | L67: 750 | M67: 790 | N67: 790 | O67: 0 | P67: 0 | Q67: 15100 | R67: 15900 | S67: 15900
A68: Min Coll | B68: Keene Rd | C68: Ocoee-Apopka Rd to Marden Rd | D68: COUNTY | E68: 930 | F68: 8066* | G68: 2L | H68: E | I68: 45 | J68: 0 | K68: 0 | L68: 750 | M68: 790 | N68: 790 | O68: 0 | P68: 0 | Q68: 15100 | R68: 15900 | S68: 15900
A69: Min Coll | B69: Keene Rd | C69: Marden Rd to Clarcona Rd | D69: CITY | E69: 568 | F69: 568 | G69: 2L | H69: E | I69: 45 | J69: 0 | K69: 0 | L69: 750 | M69: 790 | N69: 790 | O69: 0 | P69: 0 | Q69: 15100 | R69: 15900 | S69: 15900
A70: Min Coll | B70: Kelly Park Rd | C70: Mt. Plymouth Rd to Rock Springs Rd | D70: COUNTY | E70: 12.1 | F70: 12* | G70: 2L | H70: E | I70: 40 | J70: 0 | K70: 580 | L70: 890 | M70: 1200 | N70: 1610 | O70: 0 | P70: 11700 | Q70: 18000 | R70: 24200 | S70: 32600
A71: Min Coll | B71: Kelly Park Rd | C71: SR 429 to Plymouth-Sorrento Rd (CR 437) | D71: COUNTY | E71: 10.1 | F71: 9* | G71: 2L | H71: E | I71: 55 | J71: 0 | K71: 580 | L71: 890 | M71: 1200 | N71: 1610 | O71: 0 | P71: 11700 | Q71: 18000 | R71: 24200 | S71: 32600
A72: Min Coll | B72: Kelly Park Rd | C72: Jason Dwelley Pkwy to Mt. Plymouth Rd | D72: CITY | E72: 12 | F72: 12 | G72: 2L | H72: E | I72: 40 | J72: 0 | K72: 580 | L72: 890 | M72: 1200 | N72: 1610 | O72: 0 | P72: 11700 | Q72: 18000 | R72: 24200 | S72: 32600
A73: Min Coll | B73: Kelly Park Rd | C73: Round Lake Rd to SR 429 | D73: CITY | E73: 9.1 | F73: 9.1 | G73: 2L | H73: E | I73: 55 | J73: 0 | K73: 580 | L73: 890 | M73: 1200 | N73: 1610 | O73: 0 | P73: 11700 | Q73: 18000 | R73: 24200 | S73: 32600
A74: Min Coll | B74: Kelly Park Rd | C74: Plymouth-Sorrento Rd (CR 437) to Jason Dwelley Pkwy | D74: CITY | E74: 9 | F74: 9 | G74: 2L | H74: E | I74: 55 | J74: 0 | K74: 580 | L74: 890 | M74: 1200 | N74: 1610 | O74: 0 | P74: 11700 | Q74: 18000 | R74: 24200 | S74: 32600
A75: Min Coll | B75: Kelly Park Road | C75: SR 429 to Plymouth Sorrento Road | D75: CITY | E75: 10.1 | F75: 10.1 | G75: 2L | H75: E | I75: 55 | J75: 0 | K75: 580 | L75: 890 | M75: 1200 | N75: 1610 | O75: 0 | P75: 11700 | Q75: 18000 | R75: 24200 | S75: 32600
A76: Min Coll | B76: Kelly Park Road | C76: Round Lake Road to Waypointe Blvd | D76: CITY | E76: 9002 | F76: 9002 | G76: 2L | H76: E | I76: 55 | J76: 0 | K76: 580 | L76: 890 | M76: 1200 | N76: 1610 | O76: 0 | P76: 11700 | Q76: 18000 | R76: 24200 | S76: 32600
A77: Min Coll | B77: King St | C77: Peterson Rd to Orange Ave | D77: CITY | E77: 585 | F77: 585 | G77: 2L | H77: E | I77: 35 | J77: 0 | K77: 0 | L77: 330 | M77: 680 | N77: 720 | O77: 0 | P77: 0 | Q77: 6600 | R77: 13300 | S77: 14000
A78: Min Coll | B78: Lake Ave/Marvin C Zanders Ave | C78: US 441 to 4th St | D78: CITY | E78: 402 | F78: 402 | G78: 2L | H78: D | I78: 25 | J78: 0 | K78: 0 | L78: 330 | M78: 680 | N78: 720 | O78: 0 | P78: 0 | Q78: 6600 | R78: 13300 | S78: 14000
A79: Min Coll | B79: Lake Ave/Marvin C Zanders Ave | C79: Martin St to Orange St | D79: CITY | E79: 513 | F79: 513 | G79: 2L | H79: D | I79: 25 | J79: 0 | K79: 0 | L79: 330 | M79: 680 | N79: 720 | O79: 0 | P79: 0 | Q79: 6600 | R79: 13300 | S79: 14000
A80: Min Coll | B80: Lake Ave/Marvin C Zanders Ave | C80: Orange St to US 441 | D80: CITY | E80: 515 | F80: 515 | G80: 2L | H80: D | I80: 25 | J80: 0 | K80: 0 | L80: 330 | M80: 680 | N80: 720 | O80: 0 | P80: 0 | Q80: 6600 | R80: 13300 | S80: 14000
A81: Min Coll | B81: Lake Cortez Dr | C81: SR 436 to Evelyn Dr | D81: CITY | E81: 811 | F81: 811 | G81: 2L | H81: E | I81: 25 | J81: 0 | K81: 0 | L81: 330 | M81: 680 | N81: 720 | O81: 0 | P81: 0 | Q81: 6600 | R81: 13300 | S81: 14000
A82: Min Coll | B82: Lake Doe Blvd | C82: US 441 to Dunn Cove Dr | D82: CITY | E82: 1015 | F82: 1015 | G82: 2L | H82: E | I82: 25 | J82: 0 | K82: 0 | L82: 330 | M82: 680 | N82: 720 | O82: 0 | P82: 0 | Q82: 6600 | R82: 13300 | S82: 14000
A83: Min Coll | B83: Lake Francis Dr | C83: Errol Pkwy to Vick Rd | D83: CITY | E83: 504 | F83: 504 | G83: 2L | H83: D | I83: 25 | J83: 0 | K83: 0 | L83: 330 | M83: 680 | N83: 720 | O83: 0 | P83: 0 | Q83: 6600 | R83: 13300 | S83: 14000
A84: Min Coll | B84: Lake Francis Dr | C84: Schopke Lester Rd to Errol Pkwy | D84: CITY | E84: 505 | F84: 505 | G84: 2L | H84: D | I84: 25 | J84: 0 | K84: 0 | L84: 330 | M84: 680 | N84: 720 | O84: 0 | P84: 0 | Q84: 6600 | R84: 13300 | S84: 14000
A85: Min Coll | B85: Lakeville Rd | C85: Beggs Rd to Clarcona Ocoee Rd | D85: COUNTY | E85: 67 | F85: 67* | G85: 2L | H85: E | I85: 50 | J85: 0 | K85: 0 | L85: 750 | M85: 790 | N85: 790 | O85: 0 | P85: 0 | Q85: 15100 | R85: 15900 | S85: 15900
A86: Min Art | B86: Lakeville Rd | C86: Apopka Blvd to Wildwood St | D86: CITY | E86: 657 | F86: 657 | G86: 2L | H86: E | I86: 50 | J86: 0 | K86: 0 | L86: 830 | M86: 880 | N86: 880 | O86: 0 | P86: 0 | Q86: 16800 | R86: 17700 | S86: 17700
A87: Min Coll | B87: Lakeville Rd | C87: Wildwood St to Beggs Rd | D87: COUNTY | E87: 30 | F87: (30, 31)* | G87: 2L | H87: E | I87: 50 | J87: 0 | K87: 0 | L87: 750 | M87: 790 | N87: 790 | O87: 0 | P87: 0 | Q87: 15100 | R87: 15900 | S87: 15900
A88: Min Coll | B88: Lester Rd | C88: Schopke Lester Rd to Plymouth-Sorrento Rd (CR 437) | D88: CITY | E88: 801 | F88: 801 | G88: 2L | H88: E | I88: 35 | J88: 0 | K88: 0 | L88: 330 | M88: 680 | N88: 720 | O88: 0 | P88: 0 | Q88: 6600 | R88: 13300 | S88: 14000
A89: Min Coll | B89: Lester Rd | C89: Vick Rd to Schopke Lester Rd | D89: CITY | E89: 506 | F89: 506 | G89: 2L | H89: E | I89: 35 | J89: 0 | K89: 0 | L89: 330 | M89: 680 | N89: 720 | O89: 0 | P89: 0 | Q89: 6600 | R89: 13300 | S89: 14000
A90: Min Coll | B90: Lester Rd | C90: Rock Springs Rd to Vick Rd | D90: CITY | E90: 583 | F90: 583 | G90: 2L | H90: E | I90: 35 | J90: 0 | K90: 0 | L90: 330 | M90: 680 | N90: 720 | O90: 0 | P90: 0 | Q90: 6600 | R90: 13300 | S90: 14000
A91: Min Coll | B91: Lust Rd | C91: Binion Rd to Avian Pointe Blvd | D91: CITY | E91: 526 | F91: 526 | G91: 2L | H91: E | I91: 30 | J91: 0 | K91: 0 | L91: 330 | M91: 680 | N91: 720 | O91: 0 | P91: 0 | Q91: 6600 | R91: 13300 | S91: 14000
A92: Min Coll | B92: Magee Avenue | C92: US 441 to E 6th Street | D92: CITY | E92: 413 | F92: 413 | G92: 2L | H92: E | I92: 30 | J92: 0 | K92: 0 | L92: 240 | M92: 490 | N92: 520 | O92: 0 | P92: 0 | Q92: 4700 | R92: 9600 | S92: 10100
A93: Min Coll | B93: Magee Avenue | C93: Monroe Ave to US 441 | D93: CITY | E93: 412 | F93: 412 | G93: 2L | H93: E | I93: 30 | J93: 0 | K93: 0 | L93: 330 | M93: 680 | N93: 720 | O93: 0 | P93: 0 | Q93: 6600 | R93: 13300 | S93: 14000
A94: Min Coll | B94: Marden Rd | C94: SR 414 to Keene Rd | D94: CITY | E94: 569 | F94: 569 | G94: 2L | H94: E | I94: 35 | J94: 0 | K94: 0 | L94: 330 | M94: 680 | N94: 720 | O94: 0 | P94: 0 | Q94: 6600 | R94: 13300 | S94: 14000
A95: Min Coll | B95: Marden Rd | C95: Marden Ridge Lp to SR 414 | D95: CITY | E95: 560 | F95: 560 | G95: 2L | H95: E | I95: 35 | J95: 0 | K95: 0 | L95: 330 | M95: 680 | N95: 720 | O95: 0 | P95: 0 | Q95: 6600 | R95: 13300 | S95: 14000
A96: Min Coll | B96: Marden Rd | C96: Ocoee-Apopka Rd to Marden Ridge Lp | D96: CITY | E96: 555 | F96: 555 | G96: 2L | H96: E | I96: 35 | J96: 0 | K96: 0 | L96: 330 | M96: 680 | N96: 720 | O96: 0 | P96: 0 | Q96: 6600 | R96: 13300 | S96: 14000
A97: Min Coll | B97: Marshall Lake Rd | C97: SR 451 to Bradshaw Rd | D97: CITY | E97: 584 | F97: 584 | G97: 2L | H97: E | I97: 35 | J97: 0 | K97: 0 | L97: 330 | M97: 680 | N97: 720 | O97: 0 | P97: 0 | Q97: 6600 | R97: 13300 | S97: 14000
A98: Min Coll | B98: Martin St | C98: Park Ave to Lake Ave | D98: CITY | E98: 519 | F98: 519 | G98: 2L | H98: E | I98: 25 | J98: 0 | K98: 0 | L98: 330 | M98: 680 | N98: 720 | O98: 0 | P98: 0 | Q98: 6600 | R98: 13300 | S98: 14000
A99: Min Coll | B99: Martin St | C99: Maine Ave to Vick Rd | D99: CITY | E99: 830 | F99: 830 | G99: 2L | H99: E | I99: 25 | J99: 0 | K99: 0 | L99: 330 | M99: 680 | N99: 720 | O99: 0 | P99: 0 | Q99: 6600 | R99: 13300 | S99: 14000
... A102: Min Coll | B102: Monroe Ave | C102: Alabama Ave to Sheeler Rd | D102: CITY | E102: 604 | F102: 604 | G102: 2L | H102: D | I102: 25 | J102: 0 | K102: 0 | L102: 330 | M102: 680 | N102: 720 | O102: 0 | P102: 0 | Q102: 6600 | R102: 13300 | S102: 14000
A103: Min Coll | B103: Mt. Plymouth Rd | C103: Kelly Park Rd to Haas Rd | D103: COUNTY | E103: 17 | F103: 17* | G103: 2L | H103: E | I103: 45 | J103: 0 | K103: 0 | L103: 750 | M103: 790 | N103: 790 | O103: 0 | P103: 0 | Q103: 15100 | R103: 15900 | S103: 15900
A104: Min Coll | B104: Mt. Plymouth Rd | C104: Haas Rd to Lake County Line | D104: CITY | E104: 17.1 | F104: 17.1 | G104: 2L | H104: E | I104: 45 | J104: 0 | K104: 0 | L104: 750 | M104: 790 | N104: 790 | O104: 0 | P104: 0 | Q104: 15100 | R104: 15900 | S104: 15900
A105: Min Coll | B105: North Maine Ave | C105: Martin St to Old Dixie Hwy | D105: CITY | E105: 512 | F105: 512 | G105: 2L | H105: D | I105: 25 | J105: 0 | K105: 0 | L105: 330 | M105: 680 | N105: 720 | O105: 0 | P105: 0 | Q105: 6600 | R105: 13300 | S105: 14000
A106: Min Coll | B106: Old Dixie Hwy/West Highland Ave/Orange St | C106: Vick Rd to Bradshaw Rd | D106: CITY | E106: 674 | F106: 674 | G106: 2L | H106: E | I106: 35 | J106: 0 | K106: 0 | L106: 330 | M106: 680 | N106: 720 | O106: 0 | P106: 0 | Q106: 6600 | R106: 13300 | S106: 14000
A107: Min Coll | B107: Old Dixie Hwy/West Highland Ave/Orange St | C107: Boy Scout Blvd to Errol Pkwy | D107: CITY | E107: 510 | F107: 510 | G107: 2L | H107: E | I107: 35 | J107: 0 | K107: 0 | L107: 330 | M107: 680 | N107: 720 | O107: 0 | P107: 0 | Q107: 6600 | R107: 13300 | S107: 14000
A108: Min Coll | B108: Old Dixie Hwy/West Highland Ave/Orange St | C108: Errol Pkwy to Vick Rd | D108: CITY | E108: 511 | F108: 511 | G108: 2L | H108: E | I108: 35 | J108: 0 | K108: 0 | L108: 330 | M108: 680 | N108: 720 | O108: 0 | P108: 0 | Q108: 6600 | R108: 13300 | S108: 14000
A109: Min Coll | B109: Old Dixie Hwy/West Highland Ave/Orange St | C109: Hawthorne Ave to Park Ave | D109: CITY | E109: 514 | F109: 514 | G109: 2L | H109: E | I109: 25 | J109: 0 | K109: 0 | L109: 330 | M109: 680 | N109: 720 | O109: 0 | P109: 0 | Q109: 6600 | R109: 13300 | S109: 14000
A110: Min Coll | B110: Old Dixie Hwy/West Highland Ave/Orange St | C110: Bradshaw Rd to Hawthorne Ave | D110: CITY | E110: 518 | F110: 518 | G110: 2L | H110: E | I110: 25 | J110: 0 | K110: 0 | L110: 330 | M110: 680 | N110: 720 | O110: 0 | P110: 0 | Q110: 6600 | R110: 13300 | S110: 14000
A111: Min Coll | B111: Old Dixie Hwy/West Highland Ave/Orange St | C111: Plymouth-Sorrento Rd (CR 437) to Boy Scout Blvd | D111: CITY | E111: 582 | F111: 582 | G111: 2L | H111: E | I111: 35 | J111: 0 | K111: 0 | L111: 330 | M111: 680 | N111: 720 | O111: 0 | P111: 0 | Q111: 6600 | R111: 13300 | S111: 14000
A112: Min Coll | B112: Ondich Rd | C112: Effie Dr to Plymouth-Sorrento Rd (CR 437) | D112: CITY | E112: 817 | F112: 817 | G112: 2L | H112: E | I112: 30 | J112: 0 | K112: 0 | L112: 330 | M112: 680 | N112: 720 | O112: 0 | P112: 0 | Q112: 6600 | R112: 13300 | S112: 14000
A113: Min Coll | B113: Ondich Rd | C113: Round Lake Rd to Effie Dr | D113: CITY | E113: 901 | F113: 901 | G113: 2L | H113: E | I113: 30 | J113: 0 | K113: 0 | L113: 330 | M113: 680 | N113: 720 | O113: 0 | P113: 0 | Q113: 6600 | R113: 13300 | S113: 14000
A114: Min Coll | B114: Overland Rd | C114: Apopka Rd to Beggs Rd | D114: CITY | E114: 672 | F114: 672 | G114: 2L | H114: E | I114: 45 | J114: 0 | K114: 0 | L114: 750 | M114: 790 | N114: 790 | O114: 0 | P114: 0 | Q114: 15100 | R114: 15900 | S114: 15900
A115: Min Coll | B115: Peterson Rd | C115: Grand Avian Pkwy to King St | D115: CITY | E115: 586 | F115: 586 | G115: 2L | H115: E | I115: 35 | J115: 0 | K115: 0 | L115: 330 | M115: 680 | N115: 720 | O115: 0 | P115: 0 | Q115: 6600 | R115: 13300 | S115: 14000
A116: Min Art | B116: Plymouth-Sorrento Rd | C116: Appy Ln to Ponkan Rd | D116: COUNTY | E116: 11 | F116: (11, 8164)* | G116: 2L | H116: E | I116: 55 | J116: 0 | K116: 0 | L116: 830 | M116: 880 | N116: 880 | O116: 0 | P116: 0 | Q116: 16800 | R116: 17700 | S116: 17700
...

Sheet LOS
A1: Class | B1: Roadway | C1: Segment | D1: Source | E1: 2022 Station | F1: 2025 Station | G1: Lns | H1: LOS Std | I1: Speed Limit | J1: Daily | L1: AM Peak Hour (7-9 am) | R1: PM Peak Hour (4-6 pm)
J2: Volume | K2: LOS | L2: NB/EB | M2: SB/WB | N2: Time | O2: K | P2: D | Q2: LOS | R2: NB/EB | S2: SB/WB | T2: Time | U2: K | V2: D | W2: LOS
A3: Min Coll | B3: 10th St | C3: Alabama Ave to Sheeler Ave | D3: CITY | E3: 411 | F3: 411 | G3: 2L | H3: E | I3: 30 | J3: 467 | K3: C | L3: 18 | M3: 19 | N3: 07:00 | O3: 0.08 | P3: 0.51 | Q3: C | R3: 18 | S3: 18 | T3: 16:00 | U3: 0.08 | V3: 0.5 | W3: C
A4: Min Coll | B4: 13th St | C4: Ocoee-Apopka Rd to Park Ave | D4: CITY | E4: 840 | F4: 840 | G4: 2L | H4: E | I4: 25 | J4: 3017 | K4: C | L4: 101 | M4: 130 | N4: 08:00 | O4: 0.08 | P4: 0.56 | Q4: C | R4: 137 | S4: 120 | T4: 17:00 | U4: 0.09 | V4: 0.53 | W4: C
A5: Min Coll | B5: 13th St | C5: Park Ave to Apopka Blvd | D5: CITY | E5: 841 | F5: 841 | G5: 2L | H5: E | I5: 25 | J5: 3788 | K5: C | L5: 150 | M5: 88 | N5: 07:00 | O5: 0.06 | P5: 0.63 | Q5: C | R5: 129 | S5: 196 | T5: 17:00 | U5: 0.09 | V5: 0.6 | W5: C
A6: Min Coll | B6: 2nd St (Monroe Ave) | C6: Central Ave to Park Ave | D6: CITY | E6: 401 | F6: 401 | G6: 2L | H6: D | I6: 30 | J6: 897 | K6: C | L6: 31 | M6: 32 | N6: 08:00 | O6: 0.07 | P6: 0.51 | Q6: C | R6: 40 | S6: 50 | T6: 16:00 | U6: 0.1 | V6: 0.56 | W6: C
A7: Min Coll | B7: 5th St | C7: Park Ave to Highland Ave | D7: CITY | E7: 403 | F7: 403 | G7: 2L | H7: D | I7: 30 | J7: 1778 | K7: C | L7: 113 | M7: 96 | N7: 07:00 | O7: 0.12 | P7: 0.54 | Q7: C | R7: 83 | S7: 63 | T7: 17:00 | U7: 0.08 | V7: 0.57 | W7: C
A8: Min Coll | B8: 6th St | C8: Park Ave to Alabama Ave | D8: CITY | E8: 650 | F8: 650 | G8: 2L | H8: D | I8: 30 | J8: 2283 | K8: C | L8: 48 | M8: 115 | N8: 07:00 | O8: 0.07 | P8: 0.71 | Q8: C | R8: 69 | S8: 165 | T8: 16:00 | U8: 0.1 | V8: 0.71 | W8: C
A9: Min Coll | B9: 6th St | C9: Alabama Ave to US 441 | D9: CITY | E9: 410 | F9: 410 | G9: 2L | H9: D | I9: 30 | J9: 1435 | K9: C | L9: 50 | M9: 57 | N9: 07:00 | O9: 0.07 | P9: 0.53 | Q9: C | R9: 57 | S9: 87 | T9: 17:00 | U9: 0.1 | V9: 0.6 | W9: C
A10: Min Coll | B10: 8th St | C10: Park Ave to Highland Ave | D10: CITY | E10: 404 | F10: 404 | G10: 2L | H10: D | I10: 30 | J10: 3069 | K10: C | L10: 86 | M10: 92 | N10: 07:00 | O10: 0.06 | P10: 0.52 | Q10: C | R10: 127 | S10: 164 | T10: 16:00 | U10: 0.09 | V10: 0.56 | W10: C
A11: Min Coll | B11: 9th St | C11: Central Ave to Park Ave | D11: CITY | E11: 333 | F11: 333 | G11: 2L | H11: E | I11: 30 | J11: 3797 | K11: C | L11: 134 | M11: 114 | N11: 08:00 | O11: 0.07 | P11: 0.54 | Q11: C | R11: 181 | S11: 130 | T11: 17:00 | U11: 0.08 | V11: 0.58 | W11: C
A12: Min Coll | B12: Alabama Ave | C12: Monroe Ave to US 441 | D12: CITY | E12: 409 | F12: 409 | G12: 2L | H12: E | I12: 25 | J12: 297 | K12: C | L12: 9 | M12: 8 | N12: 07:00 | O12: 0.06 | P12: 0.53 | Q12: C | R12: 20 | S12: 7 | T12: 16:00 | U12: 0.09 | V12: 0.74 | W12: C
A13: Min Coll | B13: Appy Ln | C13: Plymouth-Sorrento Rd (CR 437) to Jason Dwelley Pkwy | D13: CITY | E13: 971 | F13: 971 | G13: 2L | H13: E | I13: 35 | J13: 1224 | K13: C | L13: 89 | M13: 95 | N13: 08:00 | O13: 0.15 | P13: 0.52 | Q13: C | R13: 49 | S13: 36 | T13: 17:00 | U13: 0.07 | V13: 0.58 | W13: C
A14: Min Coll | B14: Binion Rd/Orange Ave | C14: Lakeview Dr to US 441 | D14: COUNTY | E14: 554 | F14: 404* | G14: 2L | H14: E | I14: 40 | J14: 6029 | K14: C | L14: 239 | M14: 348 | N14: 0.30208333 | O14: 0.1 | P14: 0.59 | Q14: C | R14: 320 | S14: 230 | T14: 0.6875 | U14: 0.09 | V14: 0.58 | W14: C
A15: Min Coll | B15: Binion Rd/Orange Ave | C15: Boy Scout Rd to Lakeview Dr | D15: COUNTY | E15: 553 | F15: (404, 327)* | G15: 2L | H15: E | I15: 40 | J15: 11510 | K15: C | L15: 414 | M15: 565 | N15: 0.29166667 | O15: 0.09 | P15: 0.58 | Q15: C | R15: 566 | S15: 447 | T15: 0.61458333 | U15: 0.09 | V15: 0.56 | W15: C
A16: Min Coll | B16: Binion Rd/Orange Ave | C16: Ocoee-Apopka Rd to Harmon Rd | D16: COUNTY | E16: 28 | F16: 28* | G16: 2L | H16: E | I16: 55 | J16: 7257 | K16: C | L16: 357 | M16: 216 | N16: 0.29166667 | O16: 0.08 | P16: 0.62 | Q16: C | R16: 308 | S16: 367 | T16: 0.61458333 | U16: 0.09 | V16: 0.54 | W16: C
A17: Min Coll | B17: Binion Rd/Orange Ave | C17: Harmon Rd to Boy Scout Rd | D17: CITY | E17: 673 | F17: 673 | G17: 2L | H17: E | I17: 55 | J17: 9014 | K17: C | L17: 314 | M17: 484 | N17: 07:00 | O17: 0.09 | P17: 0.61 | Q17: C | R17: 376 | S17: 341 | T17: 17:00 | U17: 0.08 | V17: 0.52 | W17: C
A18: Min Coll | B18: Boy Scout Rd | C18: Binion Rd to Ocoee-Apopka Rd | D18: CITY | E18: 556 | F18: 556 | G18: 2L | H18: E | I18: 45 | J18: 2992 | K18: C | L18: 111 | M18: 111 | N18: 08:00 | O18: 0.07 | P18: 0.5 | Q18: C | R18: 129 | S18: 133 | T18: 16:00 | U18: 0.09 | V18: 0.51 | W18: C
A19: Min Coll | B19: Bradshaw Rd | C19: US 441 to Ocoee-Apopka Rd | D19: CITY | E19: 557 | F19: 557 | G19: 2L | H19: E | I19: 45 | J19: 8963 | K19: C | L19: 347 | M19: 277 | N19: 07:00 | O19: 0.07 | P19: 0.56 | Q19: C | R19: 405 | S19: 292 | T19: 17:00 | U19: 0.08 | V19: 0.58 | W19: C
A20: Min Art | B20: CR 424 (Alabama Ave/Apopka Blvd) | C20: Hiawassee Rd to Overland Rd | D20: COUNTY | E20: 33.1 | F20: 33* | G20: 2L | H20: E | I20: 35 | J20: 7400 | K20: D | L20: 440 | M20: 160 | N20: 08:00 | O20: 0.08 | P20: 0.73 | Q20: D | R20: 200 | S20: 350 | T20: 17:00 | U20: 0.07 | V20: 0.64 | W20: C
A21: Min Art | B21: CR 424 (Alabama Ave/Apopka Blvd) | C21: 8th St to Sheeler Rd | D21: COUNTY | E21: 651 | F21: 1008* | G21: 2L | H21: E | I21: 45 | J21: 5068 | K21: C | L21: 166 | M21: 223 | N21: 07:00 | O21: 0.08 | P21: 0.57 | Q21: C | R21: 212 | S21: 280 | T21: 17:00 | U21: 0.1 | V21: 0.57 | W21: C
A22: Min Art | B22: CR 424 (Alabama Ave/Apopka Blvd) | C22: Overland Rd to US 441 | D22: CITY | E22: 671 | F22: 671 | G22: 2L | H22: E | I22: 35 | J22: 6157 | K22: C | L22: 259 | M22: 216 | N22: 0.30208333 | O22: 0.08 | P22: 0.55 | Q22: C | R22: 282 | S22: 157 | T22: 0.69791667 | U22: 0.07 | V22: 0.64 | W22: C
A23: Min Art | B23: CR 424 (Alabama Ave/Apopka Blvd) | C23: Lakeville Rd to Hiawassee Rd | D23: CITY | E23: 658 | F23: 658 | G23: 3L | H23: E | I23: 40 | J23: 12357 | K23: C | L23: 491 | M23: 333 | N23: 0.30208333 | O23: 0.07 | P23: 0.6 | Q23: C | R23: 421 | S23: 667 | T23: 0.6875 | U23: 0.09 | V23: 0.61 | W23: C
A24: Min Art | B24: CR 424 (Alabama Ave/Apopka Blvd) | C24: Sheeler Rd to Lakeville Rd | D24: COUNTY | E24: 653 | F24: 7033* | G24: 2L | H24: E | I24: 40 | J24: 9481 | K24: C | L24: 364 | M24: 306 | N24: 0.29166667 | O24: 0.07 | P24: 0.54 | Q24: C | R24: 405 | S24: 465 | T24: 0.70833333 | U24: 0.09 | V24: 0.53 | W24: C
A25: Min Art | B25: CR 424 (Alabama Ave/Apopka Blvd) | C25: US 441 to 8th St | D25: CITY | E25: 670 | F25: 670 | G25: 2L | H25: E | I25: 45 | J25: 2343 | K25: C | L25: 42 | M25: 80 | N25: 08:00 | O25: 0.05 | P25: 0.66 | Q25: C | R25: 97 | S25: 136 | T25: 17:00 | U25: 0.1 | V25: 0.58 | W25: C
A26: Min Art | B26: CR 435 (Rock Spring Rd/Park Ave/Clarcona Rd) | C26: Keene Rd to McCormick Rd | D26: COUNTY | E26: 565 | F26: (32, 7004)* | G26: 2L | H26: E | I26: 45 | J26: 34702 | K26: F | L26: 1239 | M26: 1353 | N26: 07:00 | O26: 0.07 | P26: 0.52 | Q26: F | R26: 1445 | S26: 1556 | T26: 17:00 | U26: 0.09 | V26: 0.52 | W26: F
A27: Min Art | B27: CR 435 (Rock Spring Rd/Park Ave/Clarcona Rd) | C27: M. Gladden Blvd to Cleveland St | D27: COUNTY | E27: 328.1 | F27: 328* | G27: 2L | H27: E | I27: 30 | J27: 10804 | K27: D | L27: 361 | M27: 353 | N27: 07:00 | O27: 0.07 | P27: 0.51 | Q27: C | R27: 436 | S27: 389 | T27: 16:00 | U27: 0.08 | V27: 0.53 | W27: D
A28: Min Art | B28: CR 435 (Rock Spring Rd/Park Ave/Clarcona Rd) | C28: Votaw Rd to Orange St | D28: COUNTY | E28: 426 | F28: 426* | G28: 5L | H28: E | I28: 35 | J28: 22637 | K28: D | L28: 651 | M28: 988 | N28: 0.28125 | O28: 0.07 | P28: 0.6 | Q28: D | R28: 1030 | S28: 793 | T28: 0.69791667 | U28: 0.08 | V28: 0.57 | W28: D
A29: Min Art | B29: CR 435 (Rock Spring Rd/Park Ave/Clarcona Rd) | C29: Welch Rd to Sandpiper Rd | D29: COUNTY | E29: 21 | F29: 21* | G29: 5L | H29: E | I29: 45 | J29: 25374 | K29: C | L29: 1384 | M29: 698 | N29: 0.29166667 | O29: 0.08 | P29: 0.66 | Q29: C | R29: 954 | S29: 1359 | T29: 0.70833333 | U29: 0.09 | V29: 0.59 | W29: C
A30: Min Art | B30: CR 435 (Rock Spring Rd/Park Ave/Clarcona Rd) | C30: Ponkan Rd to Welch Rd | D30: COUNTY | E30: 19 | F30: 19* | G30: 5L | H30: E | I30: 45 | J30: 24553 | K30: C | L30: 754 | M30: 1179 | N30: 0.28125 | O30: 0.08 | P30: 0.61 | Q30: C | R30: 1361 | S30: 906 | T30: 0.70833333 | U30: 0.09 | V30: 0.6 | W30: C
A31: Min Art | B31: CR 435 (Rock Spring Rd/Park Ave/Clarcona Rd) | C31: McCormick Rd to Clarcona-Ocoee Rd | D31: CITY | E31: 7004 | F31: 7004 | G31: 2L | H31: E | I31: 45 | J31: 15230 | K31: C | L31: 505 | M31: 588 | N31: 0.33333333 | O31: 0.07 | P31: 0.54 | Q31: C | R31: 667 | S31: 540 | T31: 0.71875 | U31: 0.08 | V31: 0.55 | W31: C
A32: Min Art | B32: CR 435 (Rock Spring Rd/Park Ave/Clarcona Rd) | C32: Sandpiper Rd to Votaw Rd | D32: CITY | E32: 516 | F32: 516 | G32: 5L | H32: E | I32: 35 | J32: 22569 | K32: D | L32: 605 | M32: 1076 | N32: 0.30208333 | O32: 0.07 | P32: 0.64 | Q32: D | R32: 1126 | S32: 749 | T32: 0.6875 | U32: 0.08 | V32: 0.6 | W32: D
A33: Min Art | B33: CR 435 (Rock Spring Rd/Park Ave/Clarcona Rd) | C33: US 441 to M. Gladden Blvd | D33: CITY | E33: 563 | F33: 563 | G33: 2L | H33: E | I33: 30 | J33: 11434 | K33: D | L33: 428 | M33: 296 | N33: 0.29166667 | O33: 0.06 | P33: 0.59 | Q33: D | R33: 493 | S33: 396 | T33: 0.6875 | U33: 0.08 | V33: 0.55 | W33: D
A34: Min Art | B34: CR 435 (Rock Spring Rd/Park Ave/Clarcona Rd) | C34: Orange St to US 441 | D34: CITY | E34: 580 | F34: 580 | G34: 5L | H34: E | I34: 35 | J34: 25032 | K34: D | L34: 872 | M34: 941 | N34: 0.29166667 | O34: 0.07 | P34: 0.52 | Q34: D | R34: 994 | S34: 861 | T34: 0.69791667 | U34: 0.07 | V34: 0.54 | W34: D
A35: Min Art | B35: CR 435 (Rock Spring Rd/Park Ave/Clarcona Rd) | C35: Cleveland St to Keene Rd | D35: COUNTY | E35: 564 | F35: 7005* | G35: 2L | H35: E | I35: 45 | J35: 10179 | K35: C | L35: 337 | M35: 377 | N35: 07:00 | O35: 0.07 | P35: 0.53 | Q35: C | R35: 416 | S35: 403 | T35: 16:00 | U35: 0.08 | V35: 0.51 | W35: C
A36: Min Art | B36: CR 435 (Rock Spring Rd/Park Ave/Clarcona Rd) | C36: Kelly Park Rd to Ponkan Rd | D36: COUNTY | E36: 18.1 | F36: 18* | G36: 4LD | H36: E | I36: 45 | J36: 16631 | K36: C | L36: 469 | M36: 832 | N36: 08:00 | O36: 0.08 | P36: 0.64 | Q36: C | R36: 905 | S36: 655 | T36: 17:00 | U36: 0.09 | V36: 0.58 | W36: C
A37: Min Art | B37: CR 437A (Ocoee-Apopka Rd/Michael Gladden Blvd/Central Ave) | C37: Harmon Rd to Bradshaw Rd | D37: COUNTY | E37: 27 | F37: 27* | G37: 2L | H37: E | I37: 45 | J37: 15272 | K37: C | L37: 568 | M37: 600 | N37: 08:00 | O37: 0.08 | P37: 0.51 | Q37: C | R37: 598 | S37: 1933 | T37: 17:00 | U37: 0.17 | V37: 0.76 | W37: F
A38: Min Art | B38: CR 437A (Ocoee-Apopka Rd/Michael Gladden Blvd/Central Ave) | C38: Bradshaw Rd to Park Ave | D38: COUNTY | E38: 7083 | F38: 7083* | G38: 2L | H38: E | I38: 35 | J38: 8924 | K38: D | L38: 352 | M38: 308 | N38: 0.3125 | O38: 0.07 | P38: 0.53 | Q38: C | R38: 413 | S38: 345 | T38: 0.61458333 | U38: 0.08 | V38: 0.54 | W38: D
A39: Min Art | B39: CR 437A (Ocoee-Apopka Rd/Michael Gladden Blvd/Central Ave) | C39: Alston Bay Blvd to Harmon Rd | D39: COUNTY | E39: 559 | F39: (27, 29)* | G39: 4LD | H39: E | I39: 45 | J39: 29461 | K39: F | L39: 1170 | M39: 1187 | N39: 0.3125 | O39: 0.08 | P39: 0.5 | Q39: F | R39: 1175 | S39: 2553 | T39: 0.61458333 | U39: 0.13 | V39: 0.68 | W39: F
A40: Min Art | B40: CR 437A (Ocoee-Apopka Rd/Michael Gladden Blvd/Central Ave) | C40: Keene Rd to Alston Bay Blvd | D40: CITY | E40: 29 | F40: 29 | G40: 2L | H40: E | I40: 45 | J40: 15179 | K40: C | L40: 629 | M40: 573 | N40: 0.30208333 | O40: 0.08 | P40: 0.52 | Q40: C | R40: 603 | S40: 554 | T40: 0.70833333 | U40: 0.08 | V40: 0.52 | W40: C
A41: Min Art | B41: CR 437A (Ocoee-Apopka Rd/Michael Gladden Blvd/Central Ave) | C41: Binion Rd to Keene Rd | D41: CITY | E41: 702 | F41: 702 | G41: 2L | H41: E | I41: 45 | J41: 16693 | K41: C | L41: 717 | M41: 635 | N41: 0.3125 | O41: 0.08 | P41: 0.53 | Q41: C | R41: 733 | S41: 565 | T41: 0.6875 | U41: 0.08 | V41: 0.56 | W41: C
A42: Min Coll | B42: Christiana Ave | C42: Monroe Ave to Votaw Rd | D42: CITY | E42: 520 | F42: 520 | G42: 2L | H42: E | I42: 30 | J42: 2166 | K42: C | L42: 54 | M42: 64 | N42: 07:00 | O42: 0.05 | P42: 0.54 | Q42: C | R42: 69 | S42: 167 | T42: 17:00 | U42: 0.11 | V42: 0.71 | W42: C
A43: Min Coll | B43: Cleveland St | C43: Park Ave to Sheeler Rd | D43: CITY | E43: 655 | F43: 655 | G43: 2L | H43: E | I43: 40 | J43: 1761 | K43: C | L43: 64 | M43: 63 | N43: 07:00 | O43: 0.07 | P43: 0.5 | Q43: C | R43: 71 | S43: 68 | T43: 17:00 | U43: 0.08 | V43: 0.51 | W43: C
A44: Min Coll | B44: E 5th Street | C44: S Central Ave to Park Avenue | D44: CITY | E44: 414 | F44: 414 | G44: 2L | H44: D | I44: 30 | J44: 2117 | K44: C | L44: 107 | M44: 62 | N44: 07:00 | O44: 0.08 | P44: 0.63 | Q44: C | R44: 137 | S44: 87 | T44: 16:00 | U44: 0.11 | V44: 0.61 | W44: C
A45: Min Coll | B45: Edgewood Dr | C45: Monroe Ave to US 441 | D45: CITY | E45: 408 | F45: 408 | G45: 2L | H45: E | I45: 30 | J45: 5010 | K45: D | L45: 184 | M45: 101 | N45: 07:00 | O45: 0.06 | P45: 0.65 | Q45: C | R45: 261 | S45: 420 | T45: 17:00 | U45: 0.14 | V45: 0.62 | W45: D
A46: Min Coll | B46: Errol Pkwy | C46: Lake Francis Dr to Lake Alden Dr | D46: CITY | E46: 508 | F46: 508 | G46: 2L | H46: D | I46: 25 | J46: 2351 | K46: C | L46: 96 | M46: 53 | N46: 08:00 | O46: 0.06 | P46: 0.64 | Q46: C | R46: 86 | S46: 142 | T46: 16:00 | U46: 0.1 | V46: 0.62 | W46: C
A47: Min Coll | B47: Errol Pkwy | C47: Lake Alden Dr to Old Dixie Hwy | D47: CITY | E47: 509 | F47: 509 | G47: 2L | H47: D | I47: 25 | J47: 4014 | K47: C | L47: 194 | M47: 94 | N47: 08:00 | O47: 0.07 | P47: 0.67 | Q47: C | R47: 133 | S47: 242 | T47: 17:00 | U47: 0.09 | V47: 0.65 | W47: C
A48: Min Coll | B48: Errol Pkwy | C48: Old Dixie Hwy to US 441 | D48: CITY | E48: 541 | F48: 541 | G48: 2L | H48: D | I48: 30 | J48: 6954 | K48: D | L48: 181 | M48: 250 | N48: 08:00 | O48: 0.06 | P48: 0.58 | Q48: C | R48: 463 | S48: 201 | T48: 17:00 | U48: 0.1 | V48: 0.7 | W48: D
A49: Min Coll | B49: General Electric Rd | C49: Hermit Smith Rd to Orange Ave | D49: CITY | E49: 931 | F49: 931 | G49: 2L | H49: E | I49: 40 | J49: 2195 | K49: C | L49: 60 | M49: 59 | N49: 07:00 | O49: 0.05 | P49: 0.5 | Q49: C | R49: 50 | S49: 122 | T49: 16:00 | U49: 0.08 | V49: 0.71 | W49: C
A50: Min Coll | B50: Golden Gem Rd | C50: Kelly Park Rd to Sadler Rd | D50: CITY | E50: 909 | F50: 909 | G50: 2L | H50: E | I50: 30 | J50: 1843 | K50: C | L50: 92 | M50: 52 | N50: 07:00 | O50: 0.08 | P50: 0.64 | Q50: C | R50: 76 | S50: 102 | T50: 17:00 | U50: 0.1 | V50: 0.57 | W50: C
A51: Min Coll | B51: Golden Gem Rd | C51: Sadler Rd to Ponkan Rd | D51: CITY | E51: 910 | F51: 910 | G51: 2L | H51: E | I51: 30 | J51: 1108 | K51: C | L51: 51 | M51: 35 | N51: 07:00 | O51: 0.08 | P51: 0.59 | Q51: C | R51: 51 | S51: 61 | T51: 17:00 | U51: 0.1 | V51: 0.54 | W51: C
A52: Min Coll | B52: Greenacre Rd | C52: Piedmont-Wekiwa Rd to Neil Rd | D52: CITY | E52: 820 | F52: 820 | G52: 2L | H52: E | I52: 25 | J52: 3762 | K52: C | L52: 129 | M52: 137 | N52: 08:00 | O52: 0.07 | P52: 0.52 | Q52: C | R52: 164 | S52: 152 | T52: 17:00 | U52: 0.08 | V52: 0.52 | W52: C
A53: Min Coll | B53: Haas Rd | C53: Plymouth-Sorrento Rd (CR 437) to Mt Plymouth Rd | D53: CITY | E53: 920 | F53: 920 | G53: 2L | H53: E | I53: 40 | J53: 1440 | K53: C | L53: 54 | M53: 79 | N53: 07:00 | O53: 0.09 | P53: 0.59 | Q53: C | R53: 73 | S53: 52 | T53: 17:00 | U53: 0.09 | V53: 0.58 | W53: C
... A66: Min Coll | B66: Jason Dwelley Pkwy | C66: White Dahlia Dr to Ponkan Rd | D66: CITY | E66: 960 | F66: 960 | G66: 2L | H66: E | I66: 35 | J66: 2910 | K66: C | L66: 161 | M66: 231 | N66: 08:00 | O66: 0.13 | P66: 0.59 | Q66: C | R66: 110 | S66: 142 | T66: 17:00 | U66: 0.09 | V66: 0.56 | W66: C
A67: Min Coll | B67: Keene Rd | C67: Clarcona Rd to Sheeler Rd | D67: COUNTY | E67: 7090 | F67: 7090* | G67: 2L | H67: E | I67: 45 | J67: 10394 | K67: C | L67: 398 | M67: 416 | N67: 0.29166667 | O67: 0.08 | P67: 0.51 | Q67: C | R67: 452 | S67: 439 | T67: 0.6875 | U67: 0.09 | V67: 0.51 | W67: C
A68: Min Coll | B68: Keene Rd | C68: Ocoee-Apopka Rd to Marden Rd | D68: COUNTY | E68: 930 | F68: 8066* | G68: 2L | H68: E | I68: 45 | J68: 4936 | K68: C | L68: 233 | M68: 191 | N68: 0.29166667 | O68: 0.09 | P68: 0.55 | Q68: C | R68: 252 | S68: 178 | T68: 0.69791667 | U68: 0.09 | V68: 0.59 | W68: C
A69: Min Coll | B69: Keene Rd | C69: Marden Rd to Clarcona Rd | D69: CITY | E69: 568 | F69: 568 | G69: 2L | H69: E | I69: 45 | J69: 6057 | K69: C | L69: 223 | M69: 221 | N69: 07:00 | O69: 0.07 | P69: 0.5 | Q69: C | R69: 302 | S69: 223 | T69: 17:00 | U69: 0.09 | V69: 0.58 | W69: C
A70: Min Coll | B70: Kelly Park Rd | C70: Mt. Plymouth Rd to Rock Springs Rd | D70: COUNTY | E70: 12.1 | F70: 12* | G70: 2L | H70: E | I70: 40 | J70: 12225 | K70: C | L70: 603 | M70: 392 | N70: 0.28125 | O70: 0.08 | P70: 0.61 | Q70: C | R70: 512 | S70: 641 | T70: 0.6875 | U70: 0.09 | V70: 0.56 | W70: C
A71: Min Coll | B71: Kelly Park Rd | C71: SR 429 to Plymouth-Sorrento Rd (CR 437) | D71: COUNTY | E71: 10.1 | F71: 9* | G71: 2L | H71: E | I71: 55 | J71: 11657 | K71: B | L71: 355 | M71: 793 | N71: 0.27083333 | O71: 0.1 | P71: 0.69 | Q71: C | R71: 656 | S71: 419 | T71: 0.6875 | U71: 0.09 | V71: 0.61 | W71: C
A72: Min Coll | B72: Kelly Park Rd | C72: Jason Dwelley Pkwy to Mt. Plymouth Rd | D72: CITY | E72: 12 | F72: 12 | G72: 2L | H72: E | I72: 40 | J72: 5749 | K72: B | L72: 240 | M72: 241 | N72: 07:00 | O72: 0.08 | P72: 0.5 | Q72: B | R72: 310 | S72: 285 | T72: 17:00 | U72: 0.1 | V72: 0.52 | W72: B
A73: Min Coll | B73: Kelly Park Rd | C73: Round Lake Rd to SR 429 | D73: CITY | E73: 9.1 | F73: 9.1 | G73: 2L | H73: E | I73: 55 | J73: 10679 | K73: B | L73: 351 | M73: 417 | N73: 07:00 | O73: 0.07 | P73: 0.54 | Q73: B | R73: 523 | S73: 580 | T73: 17:00 | U73: 0.1 | V73: 0.53 | W73: B
A74: Min Coll | B74: Kelly Park Rd | C74: Plymouth-Sorrento Rd (CR 437) to Jason Dwelley Pkwy | D74: CITY | E74: 9 | F74: 9 | G74: 2L | H74: E | I74: 55 | J74: 7405 | K74: B | L74: 223 | M74: 414 | N74: 07:00 | O74: 0.09 | P74: 0.65 | Q74: B | R74: 420 | S74: 271 | T74: 16:00 | U74: 0.09 | V74: 0.61 | W74: B
A75: Min Coll | B75: Kelly Park Road | C75: SR 429 to Plymouth Sorrento Road | D75: CITY | E75: 10.1 | F75: 10.1 | G75: 2L | H75: E | I75: 55 | J75: 7123 | K75: B | L75: 313 | M75: 263 | N75: 07:00 | O75: 0.08 | P75: 0.54 | Q75: B | R75: 291 | S75: 352 | T75: 17:00 | U75: 0.09 | V75: 0.55 | W75: B
A76: Min Coll | B76: Kelly Park Road | C76: Round Lake Road to Waypointe Blvd | D76: CITY | E76: 9002 | F76: 9002 | G76: 2L | H76: E | I76: 55 | J76: 12779 | K76: C | L76: 357 | M76: 734 | N76: 07:00 | O76: 0.09 | P76: 0.67 | Q76: C | R76: 719 | S76: 409 | T76: 16:00 | U76: 0.09 | V76: 0.64 | W76: C
A77: Min Coll | B77: King St | C77: Peterson Rd to Orange Ave | D77: CITY | E77: 585 | F77: 585 | G77: 2L | H77: E | I77: 35 | J77: 1570 | K77: C | L77: 58 | M77: 53 | N77: 08:00 | O77: 0.07 | P77: 0.52 | Q77: C | R77: 58 | S77: 46 | T77: 16:00 | U77: 0.07 | V77: 0.56 | W77: C
A78: Min Coll | B78: Lake Ave/Marvin C Zanders Ave | C78: US 441 to 4th St | D78: CITY | E78: 402 | F78: 402 | G78: 2L | H78: D | I78: 25 | J78: 2252 | K78: C | L78: 132 | M78: 56 | N78: 08:00 | O78: 0.08 | P78: 0.7 | Q78: C | R78: 131 | S78: 85 | T78: 16:00 | U78: 0.1 | V78: 0.61 | W78: C
A79: Min Coll | B79: Lake Ave/Marvin C Zanders Ave | C79: Martin St to Orange St | D79: CITY | E79: 513 | F79: 513 | G79: 2L | H79: D | I79: 25 | J79: 2185 | K79: C | L79: 64 | M79: 142 | N79: 07:00 | O79: 0.09 | P79: 0.69 | Q79: C | R79: 150 | S79: 64 | T79: 17:00 | U79: 0.1 | V79: 0.7 | W79: C
A80: Min Coll | B80: Lake Ave/Marvin C Zanders Ave | C80: Orange St to US 441 | D80: CITY | E80: 515 | F80: 515 | G80: 2L | H80: D | I80: 25 | J80: 1137 | K80: C | L80: 56 | M80: 32 | N80: 08:00 | O80: 0.08 | P80: 0.64 | Q80: C | R80: 48 | S80: 78 | T80: 17:00 | U80: 0.11 | V80: 0.62 | W80: C
A81: Min Coll | B81: Lake Cortez Dr | C81: SR 436 to Evelyn Dr | D81: CITY | E81: 811 | F81: 811 | G81: 2L | H81: E | I81: 25 | J81: 692 | K81: C | L81: 27 | M81: 19 | N81: 07:00 | O81: 0.07 | P81: 0.59 | Q81: C | R81: 53 | S81: 12 | T81: 16:00 | U81: 0.09 | V81: 0.82 | W81: C
A82: Min Coll | B82: Lake Doe Blvd | C82: US 441 to Dunn Cove Dr | D82: CITY | E82: 1015 | F82: 1015 | G82: 2L | H82: E | I82: 25 | J82: 3559 | K82: C | L82: 102 | M82: 169 | N82: 08:00 | O82: 0.08 | P82: 0.62 | Q82: C | R82: 190 | S82: 99 | T82: 17:00 | U82: 0.08 | V82: 0.66 | W82: C
A83: Min Coll | B83: Lake Francis Dr | C83: Errol Pkwy to Vick Rd | D83: CITY | E83: 504 | F83: 504 | G83: 2L | H83: D | I83: 25 | J83: 3159 | K83: C | L83: 132 | M83: 81 | N83: 08:00 | O83: 0.07 | P83: 0.62 | Q83: C | R83: 126 | S83: 167 | T83: 17:00 | U83: 0.09 | V83: 0.57 | W83: C
A84: Min Coll | B84: Lake Francis Dr | C84: Schopke Lester Rd to Errol Pkwy | D84: CITY | E84: 505 | F84: 505 | G84: 2L | H84: D | I84: 25 | J84: 1173 | K84: C | L84: 38 | M84: 47 | N84: 08:00 | O84: 0.07 | P84: 0.55 | Q84: C | R84: 53 | S84: 54 | T84: 17:00 | U84: 0.09 | V84: 0.5 | W84: C
A85: Min Coll | B85: Lakeville Rd | C85: Beggs Rd to Clarcona Ocoee Rd | D85: COUNTY | E85: 67 | F85: 67* | G85: 2L | H85: E | I85: 50 | J85: 5718 | K85: C | L85: 329 | M85: 314 | N85: 0.3125 | O85: 0.11 | P85: 0.51 | Q85: C | R85: 222 | S85: 278 | T85: 0.60416667 | U85: 0.09 | V85: 0.56 | W85: C
A86: Min Art | B86: Lakeville Rd | C86: Apopka Blvd to Wildwood St | D86: CITY | E86: 657 | F86: 657 | G86: 2L | H86: E | I86: 50 | J86: 3693 | K86: C | L86: 137 | M86: 90 | N86: 0.3125 | O86: 0.06 | P86: 0.6 | Q86: C | R86: 133 | S86: 169 | T86: 0.70833333 | U86: 0.08 | V86: 0.56 | W86: C
A87: Min Coll | B87: Lakeville Rd | C87: Wildwood St to Beggs Rd | D87: COUNTY | E87: 30 | F87: (30, 31)* | G87: 2L | H87: E | I87: 50 | J87: 7629 | K87: C | L87: 396 | M87: 305 | N87: 07:00 | O87: 0.09 | P87: 0.56 | Q87: C | R87: 378 | S87: 373 | T87: 16:00 | U87: 0.1 | V87: 0.5 | W87: C
A88: Min Coll | B88: Lester Rd | C88: Schopke Lester Rd to Plymouth-Sorrento Rd (CR 437) | D88: CITY | E88: 801 | F88: 801 | G88: 2L | H88: E | I88: 35 | J88: 5494 | K88: C | L88: 155 | M88: 297 | N88: 07:00 | O88: 0.08 | P88: 0.66 | Q88: C | R88: 292 | S88: 179 | T88: 17:00 | U88: 0.09 | V88: 0.62 | W88: C
A89: Min Coll | B89: Lester Rd | C89: Vick Rd to Schopke Lester Rd | D89: CITY | E89: 506 | F89: 506 | G89: 2L | H89: E | I89: 35 | J89: 6465 | K89: C | L89: 339 | M89: 218 | N89: 08:00 | O89: 0.09 | P89: 0.61 | Q89: D | R89: 260 | S89: 297 | T89: 17:00 | U89: 0.09 | V89: 0.53 | W89: C
A90: Min Coll | B90: Lester Rd | C90: Rock Springs Rd to Vick Rd | D90: CITY | E90: 583 | F90: 583 | G90: 2L | H90: E | I90: 35 | J90: 5964 | K90: C | L90: 266 | M90: 193 | N90: 08:00 | O90: 0.08 | P90: 0.58 | Q90: C | R90: 240 | S90: 298 | T90: 17:00 | U90: 0.09 | V90: 0.55 | W90: C
A91: Min Coll | B91: Lust Rd | C91: Binion Rd to Avian Pointe Blvd | D91: CITY | E91: 526 | F91: 526 | G91: 2L | H91: E | I91: 30 | J91: 1666 | K91: C | L91: 111 | M91: 31 | N91: 07:00 | O91: 0.09 | P91: 0.78 | Q91: C | R91: 45 | S91: 85 | T91: 17:00 | U91: 0.08 | V91: 0.65 | W91: C
A92: Min Coll | B92: Magee Avenue | C92: US 441 to E 6th Street | D92: CITY | E92: 413 | F92: 413 | G92: 2L | H92: E | I92: 30 | J92: 939 | K92: C | L92: 25 | M92: 32 | N92: 08:00 | O92: 0.06 | P92: 0.56 | Q92: C | R92: 33 | S92: 60 | T92: 16:00 | U92: 0.1 | V92: 0.65 | W92: C
A93: Min Coll | B93: Magee Avenue | C93: Monroe Ave to US 441 | D93: CITY | E93: 412 | F93: 412 | G93: 2L | H93: E | I93: 30 | J93: 1864 | K93: C | L93: 43 | M93: 37 | N93: 07:00 | O93: 0.04 | P93: 0.54 | Q93: C | R93: 159 | S93: 54 | T93: 16:00 | U93: 0.11 | V93: 0.75 | W93: C
A94: Min Coll | B94: Marden Rd | C94: SR 414 to Keene Rd | D94: CITY | E94: 569 | F94: 569 | G94: 2L | H94: E | I94: 35 | J94: 2371 | K94: C | L94: 113 | M94: 109 | N94: 08:00 | O94: 0.09 | P94: 0.51 | Q94: C | R94: 141 | S94: 74 | T94: 17:00 | U94: 0.09 | V94: 0.66 | W94: C
A95: Min Coll | B95: Marden Rd | C95: Marden Ridge Lp to SR 414 | D95: CITY | E95: 560 | F95: 560 | G95: 2L | H95: E | I95: 35 | J95: 6969 | K95: D | L95: 301 | M95: 358 | N95: 08:00 | O95: 0.09 | P95: 0.54 | Q95: D | R95: 281 | S95: 260 | T95: 17:00 | U95: 0.08 | V95: 0.52 | W95: C
A96: Min Coll | B96: Marden Rd | C96: Ocoee-Apopka Rd to Marden Ridge Lp | D96: CITY | E96: 555 | F96: 555 | G96: 2L | H96: E | I96: 35 | J96: 5936 | K96: C | L96: 271 | M96: 325 | N96: 08:00 | O96: 0.1 | P96: 0.55 | Q96: C | R96: 228 | S96: 240 | T96: 17:00 | U96: 0.08 | V96: 0.51 | W96: C
A97: Min Coll | B97: Marshall Lake Rd | C97: SR 451 to Bradshaw Rd | D97: CITY | E97: 584 | F97: 584 | G97: 2L | H97: E | I97: 35 | J97: 1187 | K97: C | L97: 45 | M97: 87 | N97: 07:00 | O97: 0.11 | P97: 0.66 | Q97: C | R97: 99 | S97: 21 | T97: 16:00 | U97: 0.1 | V97: 0.82 | W97: C
A98: Min Coll | B98: Martin St | C98: Park Ave to Lake Ave | D98: CITY | E98: 519 | F98: 519 | G98: 2L | H98: E | I98: 25 | J98: 3019 | K98: C | L98: 143 | M98: 156 | N98: 08:00 | O98: 0.1 | P98: 0.52 | Q98: C | R98: 125 | S98: 141 | T98: 17:00 | U98: 0.09 | V98: 0.53 | W98: C
A99: Min Coll | B99: Martin St | C99: Maine Ave to Vick Rd | D99: CITY | E99: 830 | F99: 830 | G99: 2L | H99: E | I99: 25 | J99: 4337 | K99: C | L99: 240 | M99: 138 | N99: 07:00 | O99: 0.09 | P99: 0.63 | Q99: C | R99: 142 | S99: 164 | T99: 16:00 | U99: 0.07 | V99: 0.54 | W99: C
... A102: Min Coll | B102: Monroe Ave | C102: Alabama Ave to Sheeler Rd | D102: CITY | E102: 604 | F102: 604 | G102: 2L | H102: D | I102: 25 | J102: 4325 | K102: C | L102: 156 | M102: 103 | N102: 07:00 | O102: 0.06 | P102: 0.6 | Q102: C | R102: 205 | S102: 281 | T102: 17:00 | U102: 0.11 | V102: 0.58 | W102: C
A103: Min Coll | B103: Mt. Plymouth Rd | C103: Kelly Park Rd to Haas Rd | D103: COUNTY | E103: 17 | F103: 17* | G103: 2L | H103: E | I103: 45 | J103: 8104 | K103: C | L103: 261 | M103: 423 | N103: 0.29166667 | O103: 0.08 | P103: 0.62 | Q103: C | R103: 471 | S103: 332 | T103: 0.69791667 | U103: 0.1 | V103: 0.59 | W103: C
A104: Min Coll | B104: Mt. Plymouth Rd | C104: Haas Rd to Lake County Line | D104: CITY | E104: 17.1 | F104: 17.1 | G104: 2L | H104: E | I104: 45 | J104: 6388 | K104: C | L104: 358 | M104: 205 | N104: 07:00 | O104: 0.09 | P104: 0.64 | Q104: C | R104: 251 | S104: 368 | T104: 16:00 | U104: 0.1 | V104: 0.59 | W104: C
A105: Min Coll | B105: North Maine Ave | C105: Martin St to Old Dixie Hwy | D105: CITY | E105: 512 | F105: 512 | G105: 2L | H105: D | I105: 25 | J105: 5335 | K105: C | L105: 272 | M105: 247 | N105: 07:00 | O105: 0.1 | P105: 0.52 | Q105: C | R105: 257 | S105: 167 | T105: 17:00 | U105: 0.08 | V105: 0.61 | W105: C
A106: Min Coll | B106: Old Dixie Hwy/West Highland Ave/Orange St | C106: Vick Rd to Bradshaw Rd | D106: CITY | E106: 674 | F106: 674 | G106: 2L | H106: E | I106: 35 | J106: 9644 | K106: D | L106: 545 | M106: 268 | N106: 07:00 | O106: 0.08 | P106: 0.67 | Q106: D | R106: 473 | S106: 377 | T106: 17:00 | U106: 0.09 | V106: 0.56 | W106: D
A107: Min Coll | B107: Old Dixie Hwy/West Highland Ave/Orange St | C107: Boy Scout Blvd to Errol Pkwy | D107: CITY | E107: 510 | F107: 510 | G107: 2L | H107: E | I107: 35 | J107: 5020 | K107: C | L107: 211 | M107: 165 | N107: 07:00 | O107: 0.07 | P107: 0.56 | Q107: C | R107: 230 | S107: 293 | T107: 17:00 | U107: 0.1 | V107: 0.56 | W107: C
A108: Min Coll | B108: Old Dixie Hwy/West Highland Ave/Orange St | C108: Errol Pkwy to Vick Rd | D108: CITY | E108: 511 | F108: 511 | G108: 2L | H108: E | I108: 35 | J108: 7681 | K108: D | L108: 188 | M108: 360 | N108: 07:00 | O108: 0.07 | P108: 0.66 | Q108: D | R108: 416 | S108: 350 | T108: 17:00 | U108: 0.1 | V108: 0.54 | W108: D
A109: Min Coll | B109: Old Dixie Hwy/West Highland Ave/Orange St | C109: Hawthorne Ave to Park Ave | D109: CITY | E109: 514 | F109: 514 | G109: 2L | H109: E | I109: 25 | J109: 3304 | K109: C | L109: 172 | M109: 77 | N109: 08:00 | O109: 0.08 | P109: 0.69 | Q109: C | R109: 166 | S109: 186 | T109: 17:00 | U109: 0.11 | V109: 0.53 | W109: C
A110: Min Coll | B110: Old Dixie Hwy/West Highland Ave/Orange St | C110: Bradshaw Rd to Hawthorne Ave | D110: CITY | E110: 518 | F110: 518 | G110: 2L | H110: E | I110: 25 | J110: 5162 | K110: C | L110: 141 | M110: 213 | N110: 07:00 | O110: 0.07 | P110: 0.6 | Q110: C | R110: 270 | S110: 220 | T110: 17:00 | U110: 0.09 | V110: 0.55 | W110: C
A111: Min Coll | B111: Old Dixie Hwy/West Highland Ave/Orange St | C111: Plymouth-Sorrento Rd (CR 437) to Boy Scout Blvd | D111: CITY | E111: 582 | F111: 582 | G111: 2L | H111: E | I111: 35 | J111: 2583 | K111: C | L111: 87 | M111: 85 | N111: 07:00 | O111: 0.07 | P111: 0.51 | Q111: C | R111: 146 | S111: 125 | T111: 17:00 | U111: 0.1 | V111: 0.54 | W111: C
A112: Min Coll | B112: Ondich Rd | C112: Effie Dr to Plymouth-Sorrento Rd (CR 437) | D112: CITY | E112: 817 | F112: 817 | G112: 2L | H112: E | I112: 30 | J112: 833 | K112: C | L112: 27 | M112: 53 | N112: 07:00 | O112: 0.1 | P112: 0.66 | Q112: C | R112: 52 | S112: 49 | T112: 16:00 | U112: 0.12 | V112: 0.51 | W112: C
A113: Min Coll | B113: Ondich Rd | C113: Round Lake Rd to Effie Dr | D113: CITY | E113: 901 | F113: 901 | G113: 2L | H113: E | I113: 30 | J113: 1040 | K113: C | L113: 38 | M113: 66 | N113: 07:00 | O113: 0.1 | P113: 0.63 | Q113: C | R113: 60 | S113: 62 | T113: 16:00 | U113: 0.12 | V113: 0.51 | W113: C
A114: Min Coll | B114: Overland Rd | C114: Apopka Rd to Beggs Rd | D114: CITY | E114: 672 | F114: 672 | G114: 2L | H114: E | I114: 45 | J114: 5780 | K114: C | L114: 178 | M114: 218 | N114: 07:00 | O114: 0.07 | P114: 0.55 | Q114: C | R114: 275 | S114: 256 | T114: 16:00 | U114: 0.09 | V114: 0.52 | W114: C
...

Sheet Historical ADT
A1: Class | B1: Roadway | C1: Segment | D1: Source | E1: 2022 Station | F1: 2025 Station | G1: Historical Daily Volumes
G2: 2025 | H2: 2024 | I2: 2023 | J2: 2022 | K2: 2021(1) | L2: 2020 | M2: 2019 | N2: 2018 | O2: 2017 | P2: 2016 | Q2: 2015 | R2: 2014 | S2: 2013 | T2: 2012 | U2: 2011 | V2: 2010 | W2: 2009 | X2: 2008 | Y2: 2007 | Z2: 2006 | AA2: 2005 | AB2: 2004 | AC2: 2003 | AD2: 2002 | AE2: 2001 | AF2: 2000 | AG2: 1999 | AH2: 1998 | AI2: 1997 | AJ2: 1995 | AK2: 1994 | AL2: 1993 | AM2: 88 / 89
A3: Min Coll | B3: 10th St | C3: Alabama Ave to Sheeler Ave | D3: CITY | E3: 411 | F3: 411 | G3: 467 | H3: 469 | I3: 475 | J3: 471 | K3: 485 | L3: 500 | M3: 498 | N3: 502 | O3: 562 | P3: 447 | Q3: 482 | R3: 467 | S3: 259 | T3: 532 | U3: 410 | V3: 215 | W3: --- | X3: --- | Y3: --- | Z3: --- | AA3: --- | AB3: --- | AC3: --- | AD3: --- | AE3: --- | AF3: --- | AG3: --- | AH3: --- | AI3: --- | AJ3: --- | AK3: --- | AL3: --- | AM3: ---
A4: Min Coll | B4: 13th St | C4: Ocoee-Apopka Rd to Park Ave | D4: CITY | E4: 840 | F4: 840 | G4: 3017 | H4: 2871 | I4: 2771 | J4: 2697 | K4: 2488 | L4: 2278 | M4: 2570 | N4: 2553 | O4: 2428 | P4: 3285 | Q4: 2307 | R4: 2417 | S4: 1599 | T4: 1820 | U4: 2432 | V4: --- | W4: --- | X4: --- | Y4: --- | Z4: --- | AA4: --- | AB4: --- | AC4: --- | AD4: --- | AE4: --- | AF4: --- | AG4: --- | AH4: --- | AI4: --- | AJ4: --- | AK4: --- | AL4: --- | AM4: ---
A5: Min Coll | B5: 13th St | C5: Park Ave to Apopka Blvd | D5: CITY | E5: 841 | F5: 841 | G5: 3788 | H5: 3692 | I5: 3642 | J5: 3639 | K5: 3450 | L5: 3260 | M5: 3677 | N5: 3724 | O5: 3414 | P5: 3384 | Q5: 2862 | R5: 2430 | S5: 2057 | T5: 2480 | U5: 2491 | V5: --- | W5: --- | X5: --- | Y5: --- | Z5: --- | AA5: --- | AB5: --- | AC5: --- | AD5: --- | AE5: --- | AF5: --- | AG5: --- | AH5: --- | AI5: --- | AJ5: --- | AK5: --- | AL5: --- | AM5: ---
A6: Min Coll | B6: 2nd St (Monroe Ave) | C6: Central Ave to Park Ave | D6: CITY | E6: 401 | F6: 401 | G6: 897 | H6: 947 | I6: 994 | J6: 1025 | K6: 1100 | L6: 1174 | M6: 1147 | N6: 1098 | O6: 1061 | P6: 1040 | Q6: 960 | R6: 959 | S6: 1267 | T6: 1282 | U6: 1160 | V6: 997 | W6: --- | X6: --- | Y6: --- | Z6: --- | AA6: --- | AB6: --- | AC6: --- | AD6: --- | AE6: --- | AF6: --- | AG6: --- | AH6: --- | AI6: --- | AJ6: --- | AK6: --- | AL6: --- | AM6: ---
A7: Min Coll | B7: 5th St | C7: Park Ave to Highland Ave | D7: CITY | E7: 403 | F7: 403 | G7: 1778 | H7: 2708 | I7: 2836 | J7: 3921 | K7: 3818 | L7: 3714 | M7: 1978 | N7: 1014 | O7: 594 | P7: 759 | Q7: 704 | R7: 598 | S7: 714 | T7: 718 | U7: 515 | V7: 1908 | W7: --- | X7: --- | Y7: --- | Z7: --- | AA7: --- | AB7: --- | AC7: --- | AD7: --- | AE7: --- | AF7: --- | AG7: --- | AH7: --- | AI7: --- | AJ7: --- | AK7: --- | AL7: --- | AM7: ---
A8: Min Coll | B8: 6th St | C8: Park Ave to Alabama Ave | D8: CITY | E8: 650 | F8: 650 | G8: 2283 | H8: 3126 | I8: 3084 | J8: 4585 | K8: 3556 | L8: 2528 | M8: 2137 | N8: 2535 | O8: 2209 | P8: 2752 | Q8: 1963 | R8: 2029 | S8: 1895 | T8: 2045 | U8: 1824 | V8: 2223 | W8: 2824 | X8: 3284 | Y8: 3628 | Z8: 3633 | AA8: 2996 | AB8: 3135 | AC8: 3114 | AD8: 2172 | AE8: 2803 | AF8: 2101 | AG8: 2450 | AH8: 2748 | AI8: 2126 | AJ8: 2565 | AK8: 2707 | AL8: 2623 | AM8: 1549
A9: Min Coll | B9: 6th St | C9: Alabama Ave to US 441 | D9: CITY | E9: 410 | F9: 410 | G9: 1435 | H9: 1848 | I9: 1699 | J9: 2560 | K9: 1674 | L9: 787 | M9: CST. | N9: 693 | O9: 345 | P9: 544 | Q9: 559 | R9: 599 | S9: 609 | T9: 618 | U9: 606 | V9: 681 | W9: --- | X9: --- | Y9: --- | Z9: --- | AA9: --- | AB9: --- | AC9: --- | AD9: --- | AE9: --- | AF9: --- | AG9: --- | AH9: --- | AI9: --- | AJ9: --- | AK9: --- | AL9: --- | AM9: ---
A10: Min Coll | B10: 8th St | C10: Park Ave to Highland Ave | D10: CITY | E10: 404 | F10: 404 | G10: 3069 | H10: 4231 | I10: 4097 | J10: 6389 | K10: 4559 | L10: 2730 | M10: 2664 | N10: 2508 | O10: 2534 | P10: 2787 | Q10: 2170 | R10: 2601 | S10: 2622 | T10: 2497 | U10: 2374 | V10: 2548 | W10: --- | X10: --- | Y10: --- | Z10: --- | AA10: --- | AB10: --- | AC10: --- | AD10: --- | AE10: --- | AF10: --- | AG10: --- | AH10: --- | AI10: --- | AJ10: --- | AK10: --- | AL10: --- | AM10: ---
A11: Min Coll | B11: 9th St | C11: Central Ave to Park Ave | D11: CITY | E11: 333 | F11: 333 | G11: 3797 | H11: 4081 | I11: 4264 | J11: 4461 | K11: 4773 | L11: 5086 | M11: 4661 | N11: 4049 | O11: 3954 | P11: 3998 | Q11: 3343 | R11: 3116 | S11: 3059 | T11: 2908 | U11: 2572 | V11: 2784 | W11: 2729 | X11: 3049 | AA11: 3529 | AB11: 3298 | AC11: 4198 | AH11: 3723 | AI11: 3366 | AJ11: --- | AK11: --- | AL11: --- | AM11: ---
A12: Min Coll | B12: Alabama Ave | C12: Monroe Ave to US 441 | D12: CITY | E12: 409 | F12: 409 | G12: 297 | H12: 336 | I12: 353 | J12: 366 | K12: 422 | L12: 479 | M12: 336 | N12: 670 | O12: 786 | P12: 1003 | Q12: 362 | R12: 367 | S12: 444 | T12: 380 | U12: 329 | V12: 261 | W12: --- | X12: --- | Y12: --- | Z12: --- | AA12: --- | AB12: --- | AC12: --- | AD12: --- | AE12: --- | AF12: --- | AG12: --- | AH12: --- | AI12: --- | AJ12: --- | AK12: --- | AL12: --- | AM12: ---
A13: Min Coll | B13: Appy Ln | C13: Plymouth-Sorrento Rd (CR 437) to Jason Dwelley Pkwy | D13: CITY | E13: 971 | F13: 971 | G13: 1224 | H13: 1328 | I13: 1297 | J13: 1513 | K13: 1315 | L13: 1116 | M13: 1070 | N13: 903 | O13: 771 | P13: 900 | Q13: 689 | R13: 555 | S13: 550 | T13: 271 | U13: 272 | V13: 227 | W13: 265 | X13: --- | Y13: --- | Z13: --- | AA13: --- | AB13: --- | AC13: --- | AD13: --- | AE13: --- | AF13: --- | AG13: --- | AH13: --- | AI13: --- | AJ13: --- | AK13: --- | AL13: --- | AM13: ---
A14: Min Coll | B14: Binion Rd/Orange Ave | C14: Lakeview Dr to US 441 | D14: COUNTY | E14: 554 | F14: 404* | G14: 6099 | H14: 5661 | I14: 5482 | J14: 5371 | K14: 5035 | L14: 4698 | M14: 4935 | N14: 4423 | O14: 4268 | P14: 3967 | Q14: 4009 | R14: 3590 | S14: 3178 | T14: 4416 | U14: 3611 | V14: 4191 | W14: 4399 | X14: 3929 | Y14: 4317 | Z14: 3861 | AA14: 3430 | AB14: 3683 | AC14: 3862 | AD14: 3948 | AE14: 3507 | AF14: 3806 | AG14: 6668 | AH14: 5469 | AI14: 4534 | AJ14: --- | AK14: --- | AL14: --- | AM14: ---
A15: Min Coll | B15: Binion Rd/Orange Ave | C15: Boy Scout Rd to Lakeview Dr | D15: COUNTY | E15: 553 | F15: (404, 327)* | G15: 8813 | H15: 6768.5 | I15: 6579 | J15: 7452 | K15: 7061 | L15: 6669 | M15: 5495 | N15: 6069 | O15: 5638 | P15: 5319 | Q15: 4774 | R15: 4419 | S15: 3846 | T15: 4987 | U15: 5113 | V15: 5210 | W15: 5120 | X15: 4961 | Y15: 4884 | Z15: 4837 | AA15: 4018 | AB15: 4255 | AC15: 3797 | AD15: 3743 | AE15: 4036 | AF15: 4159 | AG15: 6459 | AH15: 6801 | AI15: 5889 | AJ15: 4966 | AK15: 5963 | AL15: 5812 | AM15: 4018
A16: Min Coll | B16: Binion Rd/Orange Ave | C16: Ocoee-Apopka Rd to Harmon Rd | D16: COUNTY | E16: 28 | F16: 28* | G16: 7282 | H16: 5535 | I16: 5553 | J16: 5391 | K16: 5000 | L16: 4609 | M16: 4249 | N16: 3857 | O16: 4171 | P16: 3844 | Q16: 3580 | R16: 3324 | S16: 3090 | T16: 4141 | U16: 4099 | V16: 440 | W16: 3848 | X16: 3713 | Y16: 4305 | Z16: 4144 | AA16: 4234 | AB16: 4058 | AC16: 3863 | AD16: 4885 | AE16: 4181 | AF16: --- | AG16: --- | AH16: --- | AI16: --- | AJ16: --- | AK16: --- | AL16: --- | AM16: ---
A17: Min Coll | B17: Binion Rd/Orange Ave | C17: Harmon Rd to Boy Scout Rd | D17: CITY | E17: 673 | F17: 673 | G17: 9014 | H17: 7958 | I17: 7352 | J17: 6015 | K17: 5831 | L17: 5647 | M17: 5407 | N17: 5029 | O17: 4585 | P17: 4253 | Q17: 3899 | R17: 3767 | S17: 3090 | T17: 4141 | U17: 4099 | V17: 440 | W17: 3848 | X17: 3713 | Y17: 4305 | Z17: 4144 | AA17: 4234 | AB17: 4058 | AC17: 3863 | AD17: 4885 | AE17: 4181 | AF17: --- | AG17: --- | AH17: --- | AI17: --- | AJ17: --- | AK17: --- | AL17: --- | AM17: ---
A18: Min Coll | B18: Boy Scout Rd | C18: Binion Rd to Ocoee-Apopka Rd | D18: CITY | E18: 556 | F18: 556 | G18: 2992 | H18: 2567 | I18: 2297 | J18: 1790 | K18: 1643 | L18: 1495 | M18: 1401 | N18: 1347 | O18: 1286 | P18: 1115 | Q18: 1062 | R18: 933 | S18: 869 | T18: 986 | U18: 1401 | V18: 1205 | W18: 1023 | X18: 870 | Y18: 1033 | Z18: 1137 | AA18: 687 | AB18: 709 | AC18: 559 | AD18: 483 | AE18: 684 | AF18: 629 | AG18: 567 | AH18: 531 | AI18: 486 | AJ18: --- | AK18: --- | AL18: --- | AM18: ---
A19: Min Coll | B19: Bradshaw Rd | C19: US 441 to Ocoee-Apopka Rd | D19: CITY | E19: 557 | F19: 557 | G19: 8963 | H19: 8276 | I19: 7849 | J19: 7474 | K19: 6579 | L19: 5685 | M19: 7134 | N19: 6823 | O19: 4579 | P19: 4329 | Q19: 3458 | R19: 3351 | S19: 3021 | T19: 3053 | U19: 3980 | V19: 2944 | W19: 3792 | X19: 2626 | Y19: 2667 | Z19: 4612 | AA19: 4271 | AB19: 2727 | AC19: 3521 | AD19: 3868 | AE19: 2451 | AF19: 2479 | AG19: 2403 | AH19: 3994 | AI19: 3178 | AJ19: 3096 | AK19: 3251 | AL19: 3164 | AM19: 372
A20: Min Art | B20: CR 424 (Alabama Ave/Apopka Blvd) | C20: Hiawassee Rd to Overland Rd | D20: COUNTY | E20: 33.1 | F20: 33* | G20: 7749 | H20: 7398 | I20: 7268 | J20: 7194 | K20: 6825 | L20: 6455 | M20: 7923 | N20: 7943 | O20: 7443 | P20: 7515 | Q20: 7218 | R20: 6811 | S20: 6722 | T20: 6510 | U20: 6093 | V20: 6249 | W20: 6387 | X20: 7866 | Y20: 7653 | Z20: 8506 | AA20: 8056 | AB20: 17041 | AC20: 12175 | AD20: N/A | AE20: 8012 | AF20: 8671 | AG20: 7549 | AH20: --- | AI20: --- | AJ20: --- | AK20: --- | AL20: --- | AM20: ---
A21: Min Art | B21: CR 424 (Alabama Ave/Apopka Blvd) | C21: 8th St to Sheeler Rd | D21: COUNTY | E21: 651 | F21: 1008* | G21: 4985 | H21: 4898 | I21: 4924 | J21: 4781 | K21: 4520 | L21: 4259 | M21: 4725 | N21: 4710 | O21: 4566 | P21: 4629 | Q21: 4013 | R21: 3910 | S21: 4217 | T21: 4170 | U21: 3920 | V21: 4137 | W21: 4610 | X21: 5429 | Y21: 5715 | Z21: 6310 | AA21: 5730 | AB21: 5892 | AC21: 6053 | AD21: 4287 | AE21: 7141 | AF21: 5417 | AG21: 5920 | AH21: 5707 | AI21: 5411 | AJ21: 5432 | AK21: 5114 | AL21: 4776 | AM21: 3669
A22: Min Art | B22: CR 424 (Alabama Ave/Apopka Blvd) | C22: Overland Rd to US 441 | D22: CITY | E22: 671 | F22: 671 | G22: 6157 | H22: 5953 | I22: 5856 | J22: 5888 | K22: 5437 | L22: 4986 | M22: 6034 | N22: 5792 | O22: 5196 | P22: 5541 | Q22: 4748 | R22: 5230 | S22: --- | T22: --- | U22: --- | V22: --- | W22: --- | X22: --- | Y22: --- | Z22: --- | AA22: --- | AB22: --- | AC22: --- | AD22: --- | AE22: --- | AF22: --- | AG22: --- | AH22: --- | AI22: --- | AJ22: --- | AK22: --- | AL22: --- | AM22: ---
A23: Min Art | B23: CR 424 (Alabama Ave/Apopka Blvd) | C23: Lakeville Rd to Hiawassee Rd | D23: CITY | E23: 658 | F23: 658 | G23: 12357 | H23: 12178 | I23: 12042 | J23: 12259 | K23: 11530 | L23: 10801 | M23: 12180 | N23: 11748 | O23: 11735 | P23: 11564 | Q23: 11091 | R23: 9693 | S23: 11284 | T23: 10347 | U23: 9948 | V23: 10173 | W23: 10953 | X23: 12331 | Y23: 12100 | Z23: 12215 | AA23: 13590 | AB23: 12657 | AC23: 12128 | AD23: 10157 | AE23: 15451 | AF23: 15457 | AG23: 13560 | AH23: 12223 | AI23: 9834 | AJ23: 8469 | AK23: 7335 | AL23: --- | AM23: ---
A24: Min Art | B24: CR 424 (Alabama Ave/Apopka Blvd) | C24: Sheeler Rd to Lakeville Rd | D24: COUNTY | E24: 653 | F24: 7033* | G24: 9464 | H24: 8819 | I24: 9359 | J24: 8955 | K24: 8672 | L24: 8389 | M24: 9386 | N24: 9166 | O24: 9050 | P24: 8873 | Q24: 8325 | R24: 7577 | S24: 8092 | T24: 7583 | U24: 7090 | V24: 7557 | W24: 8157 | X24: 9391 | Y24: 10407 | Z24: 10829 | AA24: 10471 | AB24: 9510 | AC24: 10010 | AD24: 10898 | AE24: 11667 | AF24: 10452 | AG24: 10337 | AH24: 10308 | AI24: 7992 | AJ24: 8425 | AK24: 5215 | AL24: 7374 | AM24: 4032
A25: Min Art | B25: CR 424 (Alabama Ave/Apopka Blvd) | C25: US 441 to 8th St | D25: CITY | E25: 670 | F25: 670 | G25: 2343 | H25: 2366 | I25: 2462 | J25: 2496 | K25: 2576 | L25: 2657 | M25: 3010 | N25: 2700 | O25: 3419 | P25: 4651 | Q25: 2353 | R25: 2478 | S25: 3251 | T25: 3844 | U25: 3814 | V25: 2081 | W25: 4250 | X25: 4900 | Y25: 11111 | Z25: 5757 | AA25: 2474 | AB25: 2146 | AC25: 2580 | AD25: 2293 | AE25: N.C. | AF25: 2457 | AG25: 2678 | AH25: 2789 | AI25: 2779 | AJ25: 2763 | AK25: 3986 | AL25: 2436 | AM25: 3491
A26: Min Art | B26: CR 435 (Rock Spring Rd/Park Ave/Clarcona Rd) | C26: Keene Rd to McCormick Rd | D26: COUNTY | E26: 565 | F26: (32, 7004)* | G26: 17509 | H26: 17128 | I26: 16247 | J26: 15366 | K26: 14423 | L26: 13481 | M26: 14974 | N26: 14508 | O26: 14831 | P26: 13945 | Q26: 13302 | R26: 12897 | S26: 12077 | T26: 11850 | U26: 11419 | V26: 10559 | W26: 10768 | X26: 10444 | Y26: 11326 | Z26: 12022 | AA26: 11334 | AB26: 7760 | AC26: 12454 | AD26: 11890 | AE26: 12197 | AF26: 12338 | AG26: 13762 | AH26: 13193 | AI26: 11754 | AJ26: --- | AK26: --- | AL26: --- | AM26: ---
A27: Min Art | B27: CR 435 (Rock Spring Rd/Park Ave/Clarcona Rd) | C27: M. Gladden Blvd to Cleveland St | D27: COUNTY | E27: 328.1 | F27: 328* | G27: 10985 | H27: 11280 | I27: 11410 | J27: 11186 | K27: 10988 | L27: 10791 | M27: 11507 | N27: 11360 | O27: 12219 | P27: 10674 | Q27: 10442 | R27: 9551 | S27: 8776 | T27: 9028 | U27: 8444 | V27: 8350 | W27: 9754 | X27: 8582 | Y27: 10264 | Z27: 10704 | AA27: 9801 | AB27: 9657 | AC27: 12799 | AD27: 10329 | AE27: 10204 | AF27: 8329 | AG27: 10040 | AH27: 11151 | AI27: 11323 | AJ27: 9534 | AK27: 11829 | AL27: 10355 | AM27: 8416
A28: Min Art | B28: CR 435 (Rock Spring Rd/Park Ave/Clarcona Rd) | C28: Votaw Rd to Orange St | D28: COUNTY | E28: 426 | F28: 426* | G28: 22457 | H28: 21149 | I28: 22946 | J28: 22719 | K28: 22690 | L28: 22661 | M28: 22830 | N28: 22536 | O28: 23636 | P28: 23842 | Q28: 21855 | R28: 22406 | S28: 21130 | T28: 18979 | U28: 22458 | V28: 23278 | W28: 22742 | X28: 22388 | Y28: 24347 | Z28: 24888 | AA28: 25616 | AB28: 24421 | AC28: 24778 | AD28: 21384 | AE28: 23062 | AF28: 19600 | AG28: 20080 | AH28: 19972 | AI28: 20417 | AJ28: 20313 | AK28: 20660 | AL28: 15482 | AM28: 14500
A29: Min Art | B29: CR 435 (Rock Spring Rd/Park Ave/Clarcona Rd) | C29: Welch Rd to Sandpiper Rd | D29: COUNTY | E29: 21 | F29: 21* | G29: 25667 | H29: 26426 | I29: 24859 | J29: 24135 | K29: 23950 | L29: 23766 | M29: 24272 | N29: 23827 | O29: 24393 | P29: 21222 | Q29: 22029 | R29: 21530 | S29: 21075 | T29: 22035 | U29: 23240 | V29: 23361 | W29: 21435 | X29: 22211 | Y29: 22299 | Z29: 23771 | AA29: 21724 | AB29: 21844 | AC29: 19290 | AD29: 16176 | AE29: 16999 | AF29: 16499 | AG29: 16816 | AH29: 16079 | AI29: 14598 | AJ29: 14416 | AK29: 12839 | AL29: 11565 | AM29: 15131
A30: Min Art | B30: CR 435 (Rock Spring Rd/Park Ave/Clarcona Rd) | C30: Ponkan Rd to Welch Rd | D30: COUNTY | E30: 19 | F30: 19* | G30: 24048 | H30: 24053 | I30: 23417 | J30: 23080 | K30: 25429 | L30: 27779 | M30: 24304 | N30: 20180 | O30: 24207 | P30: 22072 | Q30: 19585 | R30: 20930 | S30: 18786 | T30: 19287 | U30: 22625 | V30: 22064 | W30: 18894 | X30: 21817 | Y30: 22682 | Z30: 24614 | AA30: 20868 | AB30: 20611 | AC30: 23624 | AD30: CST. | AE30: 17417 | AF30: 18701 | AG30: 16681 | AH30: 15961 | AI30: 15090 | AJ30: 12208 | AK30: 13236 | AL30: 13965 | AM30: 13385
A31: Min Art | B31: CR 435 (Rock Spring Rd/Park Ave/Clarcona Rd) | C31: McCormick Rd to Clarcona-Ocoee Rd | D31: CITY | E31: 7004 | F31: 7004 | G31: 15230 | H31: 21455 | I31: 21234 | J31: 33275 | K31: 24330 | L31: 15386 | M31: 16178 | N31: 15659 | O31: 16393 | P31: 15286 | Q31: 14159 | R31: 13962 | S31: 11792 | T31: 13290 | U31: 11119 | V31: 11804 | W31: 11905 | X31: 12188 | Y31: 13239 | Z31: 11719 | AA31: 12490 | AB31: 11525 | AC31: 15841 | AD31: N/A | AE31: 12045 | AF31: 12616 | AG31: 13756 | AH31: 14847 | AI31: 12700 | AJ31: --- | AK31: --- | AL31: --- | AM31: ---
A32: Min Art | B32: CR 435 (Rock Spring Rd/Park Ave/Clarcona Rd) | C32: Sandpiper Rd to Votaw Rd | D32: CITY | E32: 516 | F32: 516 | G32: 22569 | H32: 23228 | I32: 23164 | J32: 25324 | K32: 23009 | L32: 20693 | M32: 23717 | N32: 22652 | O32: 22978 | P32: 21998 | Q32: 21560 | R32: 20280 | S32: 19095 | T32: 19958 | U32: 19995 | V32: 20702 | W32: 20907 | X32: 21121 | Y32: 21808 | Z32: 22662 | AA32: 23837 | AB32: 21898 | AC32: 22251 | AD32: 20412 | AE32: 18017 | AF32: 19253 | AG32: 19645 | AH32: 17648 | AI32: 17109 | AJ32: --- | AK32: --- | AL32: --- | AM32: ---
A33: Min Art | B33: CR 435 (Rock Spring Rd/Park Ave/Clarcona Rd) | C33: US 441 to M. Gladden Blvd | D33: CITY | E33: 563 | F33: 563 | G33: 11434 | H33: 12123 | I33: 12626 | J33: 13503 | K33: 13725 | L33: 13948 | M33: 14548 | N33: 13181 | O33: 15026 | P33: 15274 | Q33: 13011 | R33: 12567 | S33: 12258 | T33: 11017 | U33: 12347 | V33: 11113 | W33: 11698 | X33: 12203 | Y33: 12951 | Z33: 12305 | AA33: 12212 | AB33: 13252 | AC33: 13283 | AD33: 12023 | AE33: 12552 | AF33: 11798 | AG33: 13555 | AH33: 13721 | AI33: 12991 | AJ33: 10743 | AK33: 15538 | AL33: 13202 | AM33: 13082
A34: Min Art | B34: CR 435 (Rock Spring Rd/Park Ave/Clarcona Rd) | C34: Orange St to US 441 | D34: CITY | E34: 580 | F34: 580 | G34: 25032 | H34: 22581 | I34: 22288 | J34: 18213 | K34: 20357 | L34: 22501 | M34: 23003 | N34: 25626 | O34: 24652 | P34: 25252 | Q34: 24740 | R34: 23326 | S34: 22652 | T34: 22280 | U34: 23429 | V34: 24442 | W34: 23869 | X34: 24129 | Y34: 27217 | Z34: 26484 | AA34: 27259 | AB34: 26362 | AC34: 27035 | AD34: 24142 | AE34: N.C. | AF34: 24635 | AG34: 23000 | AH34: 22902 | AI34: 24996 | AJ34: 20776 | AK34: 18844 | AL34: 16345 | AM34: 16746
A35: Min Art | B35: CR 435 (Rock Spring Rd/Park Ave/Clarcona Rd) | C35: Cleveland St to Keene Rd | D35: COUNTY | E35: 564 | F35: 7005* | G35: 10441 | H35: 10738 | I35: 10272 | J35: 10170 | K35: 9795 | L35: 9420 | M35: 10208 | N35: 10196 | O35: 10976 | P35: 10546 | Q35: 9869 | R35: 9118 | S35: 8949 | T35: 9044 | U35: 8067 | V35: 7916 | W35: 8207 | X35: 7891 | Y35: 9381 | Z35: 8287 | AA35: 8119 | AB35: 8552 | AC35: 8589 | AD35: 8159 | AE35: 9293 | AF35: 8439 | AG35: 9601 | AH35: 11557 | AI35: 9310 | AJ35: 7903 | AK35: 9194 | AL35: 9027 | AM35: 6953
A36: Min Art | B36: CR 435 (Rock Spring Rd/Park Ave/Clarcona Rd) | C36: Kelly Park Rd to Ponkan Rd | D36: COUNTY | E36: 18.1 | F36: 18* | G36: 16860 | H36: 20071 | I36: 20037 | J36: 17241 | K36: 17409 | L36: 17577 | M36: 17338 | N36: 17102 | O36: 18129 | P36: 18122 | Q36: 16751 | R36: 16123 | S36: 15434 | T36: 15315 | U36: 16453 | V36: 15730 | W36: 15664 | X36: 11313 | Y36: CST | Z36: 19573 | AA36: 12590 | AB36: 12461 | AC36: 10723 | AD36: 17651 | AE36: 15110 | AF36: 14637 | AG36: 16085 | AH36: 14715 | AI36: 12242 | AJ36: --- | AK36: --- | AL36: --- | AM36: ---
A37: Min Art | B37: CR 437A (Ocoee-Apopka Rd/Michael Gladden Blvd/Central Ave) | C37: Harmon Rd to Bradshaw Rd | D37: COUNTY | E37: 27 | F37: 27* | G37: 14653 | H37: 12995 | I37: 14873 | J37: 14581 | K37: 13983 | L37: 13385 | M37: 11436 | N37: 9644 | O37: 9158 | P37: 8741 | Q37: 7931 | R37: 6554 | S37: 5857 | T37: 5630 | U37: 5202 | V37: 5596 | W37: 5297 | X37: 4999 | Y37: 6198 | Z37: 5561 | AA37: 5339 | AB37: 5357 | AC37: 6771 | AD37: 5159 | AE37: 5166 | AF37: 5032 | AG37: 7419 | AH37: 6030 | AI37: 5934 | AJ37: 4398 | AK37: 6150 | AL37: 6137 | AM37: 6629
A38: Min Art | B38: CR 437A (Ocoee-Apopka Rd/Michael Gladden Blvd/Central Ave) | C38: Bradshaw Rd to Park Ave | D38: COUNTY | E38: 7083 | F38: 7083* | G38: 8980 | H38: 8043 | I38: 8193 | J38: 8032 | K38: 7775 | L38: 7518 | M38: 7293 | N38: 6899 | O38: 6037 | P38: 5166 | Q38: 4630 | R38: 4273 | S38: 3869 | T38: 3425 | U38: 3397 | V38: 3574 | W38: 3539 | X38: 3983 | Y38: 4348 | Z38: 4325 | AA38: 4170 | AB38: 4012 | AC38: 4388 | AD38: 3785 | AE38: 3879 | AF38: 3935 | AG38: 5290 | AH38: 6020 | AI38: 4775 | AJ38: 4635 | AK38: 5484 | AL38: 5276 | AM38: 5056
A39: Min Art | B39: CR 437A (Ocoee-Apopka Rd/Michael Gladden Blvd/Central Ave) | C39: Alston Bay Blvd to Harmon Rd | D39: COUNTY | E39: 559 | F39: (27, 29)* | G39: 14716 | H39: 13257.5 | I39: 14044.5 | J39: 12831 | K39: 11875 | L39: 10919 | M39: 10768 | N39: 6562 | O39: 6187 | P39: 6027 | Q39: 7136 | R39: 5188 | S39: 6106 | T39: 5131 | U39: 12413 | V39: 5795 | W39: 11361 | X39: 5071 | Y39: 6083 | Z39: 5400 | AA39: 4336 | AB39: 4247 | AC39: 4815 | AD39: 4094 | AE39: 4524 | AF39: 4195 | AG39: 5400 | AH39: 5690 | AI39: 4952 | AJ39: 4525 | AK39: 4869 | AL39: 4810 | AM39: 5513
A40: Min Art | B40: CR 437A (Ocoee-Apopka Rd/Michael Gladden Blvd/Central Ave) | C40: Keene Rd to Alston Bay Blvd | D40: CITY | E40: 29 | F40: 29 | G40: 15179 | H40: 14503 | I40: 14014 | J40: 12799 | K40: 13119 | L40: 13440 | M40: 11626 | N40: 9236 | O40: 6734 | P40: 6547 | Q40: 5635 | R40: 6714 | S40: 7640 | T40: 8027 | U40: 12952 | V40: 6373 | W40: 6049 | X40: 4862 | Y40: 5324 | Z40: 5722 | AA40: 5672 | AB40: --- | AC40: --- | AD40: --- | AE40: --- | AF40: --- | AG40: --- | AH40: --- | AI40: --- | AJ40: --- | AK40: --- | AL40: --- | AM40: ---
A41: Min Art | B41: CR 437A (Ocoee-Apopka Rd/Michael Gladden Blvd/Central Ave) | C41: Binion Rd to Keene Rd | D41: CITY | E41: 702 | F41: 702 | G41: 16693 | H41: 16455 | I41: 16154 | J41: 15460 | K41: 15843 | L41: 16225 | M41: 14135 | N41: 11914 | O41: 11902 | P41: 11072 | Q41: 7964 | R41: 8188 | S41: 7640 | T41: 8027 | U41: 12952 | V41: 6373 | W41: 6049 | X41: 4862 | Y41: 5324 | Z41: 5722 | AA41: 5672 | AB41: --- | AC41: --- | AD41: --- | AE41: --- | AF41: --- | AG41: --- | AH41: --- | AI41: --- | AJ41: --- | AK41: --- | AL41: --- | AM41: ---
A42: Min Coll | B42: Christiana Ave | C42: Monroe Ave to Votaw Rd | D42: CITY | E42: 520 | F42: 520 | G42: 2166 | H42: 1992 | I42: 1980 | J42: 1746 | K42: 1825 | L42: 1904 | M42: 2170 | N42: 2197 | O42: 2154 | P42: 2165 | Q42: 2149 | R42: 1991 | S42: 1689 | T42: 2099 | U42: 2034 | V42: 2064 | W42: 3081 | X42: 2285 | Y42: 3442 | Z42: N.C. | AA42: 2120 | AB42: 2394 | AC42: 2129 | AD42: 2073 | AE42: 2843 | AF42: N.C. | AG42: N.C. | AH42: 2252 | AI42: 3737 | AJ42: --- | AK42: --- | AL42: --- | AM42: ---
A43: Min Coll | B43: Cleveland St | C43: Park Ave to Sheeler Rd | D43: CITY | E43: 655 | F43: 655 | G43: 1761 | H43: 1783 | I43: 1808 | J43: 1861 | K43: 1839 | L43: 1816 | M43: 1960 | N43: 2034 | O43: 2006 | P43: 2008 | Q43: 2279 | R43: 2309 | S43: 1758 | T43: 1819 | U43: 2007 | V43: 2081 | W43: 1878 | X43: 2003 | Y43: 3198 | Z43: 2514 | AA43: 1882 | AB43: 2247 | AC43: 1779 | AD43: 2537 | AE43: 2092 | AF43: 2066 | AG43: 2510 | AH43: 2272 | AI43: 2226 | AJ43: --- | AK43: --- | AL43: --- | AM43: ---
A44: Min Coll | B44: E 5th Street | C44: S Central Ave to Park Avenue | D44: CITY | E44: 414 | F44: 414 | G44: 2117 | H44: --- | I44: --- | J44: --- | K44: --- | L44: --- | M44: --- | N44: --- | O44: --- | P44: --- | Q44: --- | R44: --- | S44: --- | T44: --- | U44: --- | V44: --- | W44: --- | X44: --- | Y44: --- | Z44: --- | AA44: --- | AB44: --- | AC44: --- | AD44: --- | AE44: --- | AF44: --- | AG44: --- | AH44: --- | AI44: --- | AJ44: --- | AK44: --- | AL44: --- | AM44: ---
A45: Min Coll | B45: Edgewood Dr | C45: Monroe Ave to US 441 | D45: CITY | E45: 408 | F45: 408 | G45: 5010 | H45: 4969 | I45: 4441 | J45: 5018 | K45: 3562 | L45: 2106 | M45: 2281 | N45: 2507 | O45: 2458 | P45: 2490 | Q45: 2201 | R45: 2255 | S45: 2321 | T45: 2350 | U45: 2182 | V45: 2111 | W45: --- | X45: --- | Y45: --- | Z45: --- | AA45: --- | AB45: --- | AC45: --- | AD45: --- | AE45: --- | AF45: --- | AG45: --- | AH45: --- | AI45: --- | AJ45: --- | AK45: --- | AL45: --- | AM45: ---
A46: Min Coll | B46: Errol Pkwy | C46: Lake Francis Dr to Lake Alden Dr | D46: CITY | E46: 508 | F46: 508 | G46: 2351 | H46: 2395 | I46: 2432 | J46: 2487 | K46: 2507 | L46: 2526 | M46: 2577 | N46: 2442 | O46: 2290 | P46: 2409 | Q46: 2762 | R46: 2283 | S46: 2179 | T46: 2619 | U46: 2593 | V46: 2800 | W46: 2816 | X46: 2711 | Y46: 2568 | Z46: 2841 | AA46: 2587 | AB46: 2877 | AC46: 2527 | AD46: 2400 | AE46: 2428 | AF46: 2021 | AG46: 1803 | AH46: 2011 | AI46: 3083 | AJ46: 3516 | AK46: 3233 | AL46: 3268 | AM46: 3521
A47: Min Coll | B47: Errol Pkwy | C47: Lake Alden Dr to Old Dixie Hwy | D47: CITY | E47: 509 | F47: 509 | G47: 4014 | H47: 4019 | I47: 4048 | J47: 4029 | K47: 4093 | L47: 4157 | M47: 4177 | N47: 3969 | O47: 7760 | P47: 7508 | Q47: 7633 | R47: 7349 | S47: 7378 | T47: 7780 | U47: 4174 | V47: 7562 | W47: 7729 | X47: 7166 | Y47: 3873 | Z47: 3774 | AA47: 4669 | AB47: 3954 | AC47: 5367 | AD47: 3084 | AE47: 4509 | AF47: 3499 | AG47: 2957 | AH47: 3150 | AI47: 3023 | AJ47: --- | AK47: --- | AL47: --- | AM47: ---
A48: Min Coll | B48: Errol Pkwy | C48: Old Dixie Hwy to US 441 | D48: CITY | E48: 541 | F48: 541 | G48: 6954 | H48: 7934 | I48: 8222 | J48: 9886 | K48: 9148 | L48: 8409 | M48: 9012 | N48: 8027 | O48: 6849 | P48: 6464 | Q48: 8186 | R48: 6271 | S48: 6710 | T48: 9166 | U48: 8078 | V48: 7607 | W48: 7440 | X48: 6833 | Y48: 7575 | Z48: 7200 | AA48: 6405 | AB48: 6282 | AC48: 5217 | AD48: 3768 | AE48: --- | AF48: --- | AG48: --- | AH48: --- | AI48: --- | AJ48: --- | AK48: --- | AL48: --- | AM48: ---
A49: Min Coll | B49: General Electric Rd | C49: Hermit Smith Rd to Orange Ave | D49: CITY | E49: 931 | F49: 931 | G49: 2195 | H49: 2159 | I49: 1966 | J49: 2012 | K49: 1697 | L49: 1382 | M49: 1003 | N49: 679 | O49: 786 | P49: 755 | Q49: 532 | R49: 393 | S49: 390 | T49: 395 | U49: 410 | V49: 354 | W49: 415 | X49: 466 | Y49: 800 | Z49: --- | AA49: --- | AB49: --- | AC49: --- | AD49: --- | AE49: --- | AF49: --- | AG49: --- | AH49: --- | AI49: --- | AJ49: --- | AK49: --- | AL49: --- | AM49: ---
A50: Min Coll | B50: Golden Gem Rd | C50: Kelly Park Rd to Sadler Rd | D50: CITY | E50: 909 | F50: 909 | G50: 1843 | H50: 1330 | I50: 1057 | J50: 423 | K50: 331 | L50: 239 | M50: 263 | N50: 328 | O50: 306 | P50: 989 | Q50: 716 | R50: 243 | S50: 230 | T50: 192 | U50: 160 | V50: 700 | W50: 5236 | X50: 1194 | Y50: 2199 | Z50: --- | AA50: --- | AB50: --- | AC50: --- | AD50: --- | AE50: --- | AF50: --- | AG50: --- | AH50: --- | AI50: --- | AJ50: --- | AK50: --- | AL50: --- | AM50: ---
A51: Min Coll | B51: Golden Gem Rd | C51: Sadler Rd to Ponkan Rd | D51: CITY | E51: 910 | F51: 910 | G51: 1108 | H51: 846 | I51: 698 | J51: 387 | K51: 313 | L51: 239 | M51: 263 | N51: 328 | O51: 306 | P51: 989 | Q51: 716 | R51: 243 | S51: 230 | T51: 192 | U51: 160 | V51: 700 | W51: 5236 | X51: 1194 | Y51: 2199 | Z51: --- | AA51: --- | AB51: --- | AC51: --- | AD51: --- | AE51: --- | AF51: --- | AG51: --- | AH51: --- | AI51: --- | AJ51: --- | AK51: --- | AL51: --- | AM51: ---
A52: Min Coll | B52: Greenacre Rd | C52: Piedmont-Wekiwa Rd to Neil Rd | D52: CITY | E52: 820 | F52: 820 | G52: 3762 | H52: 3949 | I52: 4154 | J52: 4040 | K52: 4697 | L52: 5353 | M52: 4558 | N52: 3633 | O52: 4243 | P52: 4368 | Q52: 2395 | R52: 3589 | S52: 3150 | T52: 2503 | U52: 2813 | V52: --- | W52: --- | X52: --- | Y52: --- | Z52: --- | AA52: --- | AB52: --- | AC52: --- | AD52: --- | AE52: --- | AF52: --- | AG52: --- | AH52: --- | AI52: --- | AJ52: --- | AK52: --- | AL52: --- | AM52: ---
A53: Min Coll | B53: Haas Rd | C53: Plymouth-Sorrento Rd (CR 437) to Mt Plymouth Rd | D53: CITY | E53: 920 | F53: 920 | G53: 1440 | H53: 1356 | I53: 1239 | J53: 1176 | K53: 1028 | L53: 880 | M53: 739 | N53: 788 | O53: 1336 | P53: 1325 | Q53: 677 | R53: 606 | S53: 546 | T53: 597 | U53: 501 | V53: 581 | W53: 595 | X53: 642 | Y53: 575 | Z53: --- | AA53: --- | AB53: --- | AC53: --- | AD53: --- | AE53: --- | AF53: --- | AG53: --- | AH53: --- | AI53: --- | AJ53: --- | AK53: --- | AL53: --- | AM53: ---
A54: Min Coll | B54: Harmon Rd | C54: Binion Rd to Ocoee-Apopka Rd | D54: CITY | E54: 972 | F54: 972 | G54: 5426 | H54: 4672 | I54: 4022 | J54: 3266 | K54: 2620 | L54: 1973 | M54: 1634 | N54: 1293 | O54: 896 | P54: 432 | Q54: 552 | R54: 524 | S54: 388 | T54: 279 | U54: CST. | V54: CST. | W54: 770 | X54: --- | Y54: --- | Z54: --- | AA54: --- | AB54: --- | AC54: --- | AD54: --- | AE54: --- | AF54: --- | AG54: --- | AH54: --- | AI54: --- | AJ54: --- | AK54: --- | AL54: --- | AM54: ---
A55: Min Coll | B55: Harmon Road | C55: Ocoee Apopka Road to Marden Road | D55: CITY | E55: 975 | F55: 975 | G55: 4050 | H55: --- | I55: --- | J55: --- | K55: --- | L55: --- | M55: --- | N55: --- | O55: --- | P55: --- | Q55: --- | R55: --- | S55: --- | T55: --- | U55: --- | V55: --- | W55: --- | X55: --- | Y55: --- | Z55: --- | AA55: --- | AB55: --- | AC55: --- | AD55: --- | AE55: --- | AF55: --- | AG55: --- | AH55: --- | AI55: --- | AJ55: --- | AK55: --- | AL55: --- | AM55: ---
A56: Min Coll | B56: Hawthorne Ave | C56: Ocoee-Apopka Rd to 13th St | D56: CITY | E56: 561 | F56: 561 | G56: 1129 | H56: 1163 | I56: 1251 | J56: 1219 | K56: 1406 | L56: 1593 | M56: 1613 | N56: 1667 | O56: 1584 | P56: 1474 | Q56: 1403 | R56: 1461 | S56: 1345 | T56: 1407 | U56: 1329 | V56: 1259 | W56: 1341 | X56: 1337 | Y56: 1526 | Z56: 1640 | AA56: 1655 | AB56: 1719 | AC56: 1683 | AD56: 1490 | AE56: 1640 | AF56: 2902 | AG56: 1716 | AH56: 2079 | AI56: 1955 | AJ56: 2186 | AK56: 2394 | AL56: 1878 | AM56: 1445
A57: Min Coll | B57: Hawthorne Ave | C57: US 441 to Ocoee-Apopka Rd | D57: CITY | E57: 562 | F57: 562 | G57: 1084 | H57: 1113 | I57: 1232 | J57: 1235 | K57: 1393 | L57: 1552 | M57: 1845 | N57: 1906 | O57: 1856 | P57: 1457 | Q57: 1252 | R57: 1242 | S57: 1214 | T57: 1047 | U57: 1461 | V57: 1163 | W57: 1266 | X57: 1819 | Y57: 1557 | Z57: 1557 | AA57: 1917 | AB57: 1465 | AC57: 1890 | AD57: 1429 | AE57: 1578 | AF57: 1719 | AG57: 1468 | AH57: 1660 | AI57: 1683 | AJ57: 1841 | AK57: 1747 | AL57: 1609 | AM57: 1346
A58: Min Coll | B58: Hermit Smith Rd | C58: US 441 to General Electric Rd | D58: CITY | E58: 950 | F58: 950 | G58: 2821 | H58: 2689 | I58: 2401 | J58: 2425 | K58: 1903 | L58: 1380 | M58: 1169 | N58: 953 | O58: 1000 | P58: 665 | Q58: 691 | R58: 859 | S58: 525 | T58: 555 | U58: 509 | V58: 1013 | W58: 1107 | X58: 1226 | Y58: 1750 | Z58: --- | AA58: --- | AB58: --- | AC58: --- | AD58: --- | AE58: --- | AF58: --- | AG58: --- | AH58: --- | AI58: --- | AJ58: --- | AK58: --- | AL58: --- | AM58: ---
A59: Min Coll | B59: Hermit Smith Rd | C59: Plymouth-Sorrento Rd (CR 437) to US 441 | D59: CITY | E59: 951 | F59: 951 | G59: 991 | H59: 1022 | I59: 1009 | J59: 1100 | K59: 998 | L59: 895 | M59: --- | N59: --- | O59: --- | P59: --- | Q59: --- | R59: --- | S59: --- | T59: --- | U59: --- | V59: --- | W59: --- | X59: --- | Y59: --- | Z59: --- | AA59: --- | AB59: --- | AC59: --- | AD59: --- | AE59: --- | AF59: --- | AG59: --- | AH59: --- | AI59: --- | AJ59: --- | AK59: --- | AL59: --- | AM59: ---
A60: Min Coll | B60: Hermit Smith Rd | C60: General Electric Rd to US 441 | D60: CITY | E60: 952 | F60: 952 | G60: 215 | H60: 261 | I60: 301 | J60: 356 | K60: 384 | L60: 411 | M60: --- | N60: --- | O60: --- | P60: --- | Q60: --- | R60: --- | S60: --- | T60: --- | U60: --- | V60: --- | W60: --- | X60: --- | Y60: --- | Z60: --- | AA60: --- | AB60: --- | AC60: --- | AD60: --- | AE60: --- | AF60: --- | AG60: --- | AH60: --- | AI60: --- | AJ60: --- | AK60: --- | AL60: --- | AM60: ---
A61: Min Coll | B61: Highland Ave | C61: US 441 to 6th St | D61: CITY | E61: 406 | F61: 406 | G61: 698 | H61: --- | I61: --- | J61: --- | K61: --- | L61: --- | M61: --- | N61: --- | O61: --- | P61: --- | Q61: --- | R61: --- | S61: --- | T61: --- | U61: --- | V61: --- | W61: --- | X61: --- | Y61: --- | Z61: --- | AA61: --- | AB61: --- | AC61: --- | AD61: --- | AE61: --- | AF61: --- | AG61: --- | AH61: --- | AI61: --- | AJ61: --- | AK61: --- | AL61: --- | AM61: ---
A62: Min Coll | B62: Highland Ave | C62: Monroe Ave to US 441 | D62: CITY | E62: 405 | F62: 405 | G62: 1267 | H62: --- | I62: --- | J62: --- | K62: --- | L62: --- | M62: --- | N62: --- | O62: --- | P62: --- | Q62: --- | R62: --- | S62: --- | T62: --- | U62: --- | V62: --- | W62: --- | X62: --- | Y62: --- | Z62: --- | AA62: --- | AB62: --- | AC62: --- | AD62: --- | AE62: --- | AF62: --- | AG62: --- | AH62: --- | AI62: --- | AJ62: --- | AK62: --- | AL62: --- | AM62: ---
A63: Min Coll | B63: Hogshead Rd | C63: Hermit Smith Rd to Conrad Rd | D63: CITY | E63: 973 | F63: 973 | G63: 1313 | H63: --- | I63: --- | J63: --- | K63: --- | L63: --- | M63: --- | N63: --- | O63: --- | P63: --- | Q63: --- | R63: --- | S63: --- | T63: --- | U63: --- | V63: --- | W63: --- | X63: --- | Y63: --- | Z63: --- | AA63: --- | AB63: --- | AC63: --- | AD63: --- | AE63: --- | AF63: --- | AG63: --- | AH63: --- | AI63: --- | AJ63: --- | AK63: --- | AL63: --- | AM63: ---
A64: Min Coll | B64: Jason Dwelley Pkwy | C64: Kelly Park Rd to Spinfisher Dr | D64: CITY | E64: 956 | F64: 956 | G64: 3869 | H64: 3527 | I64: 3193 | J64: 3055 | K64: 2416 | L64: 1777 | M64: 2181 | N64: 2139 | O64: 2568 | P64: 2369 | Q64: 2089 | R64: 1743 | S64: 1841 | T64: 1803 | U64: 1431 | V64: 1844 | W64: 1593 | X64: 1277 | Y64: 2613 | Z64: --- | AA64: --- | AB64: --- | AC64: --- | AD64: --- | AE64: --- | AF64: --- | AG64: --- | AH64: --- | AI64: --- | AJ64: --- | AK64: --- | AL64: --- | AM64: ---
A65: Min Coll | B65: Jason Dwelley Pkwy | C65: Spinfisher Dr to White Dahlia Dr | D65: CITY | E65: 958 | F65: 958 | G65: 2684 | H65: 2760 | I65: 2628 | J65: 3034 | K65: 2406 | L65: 1777 | M65: 2181 | N65: 2139 | O65: 2568 | P65: 2369 | Q65: 2089 | R65: 1743 | S65: 1841 | T65: 1803 | U65: 1431 | V65: 1844 | W65: 1593 | X65: 1277 | Y65: 2613 | Z65: --- | AA65: --- | AB65: --- | AC65: --- | AD65: --- | AE65: --- | AF65: --- | AG65: --- | AH65: --- | AI65: --- | AJ65: --- | AK65: --- | AL65: --- | AM65: ---
A66: Min Coll | B66: Jason Dwelley Pkwy | C66: White Dahlia Dr to Ponkan Rd | D66: CITY | E66: 960 | F66: 960 | G66: 2910 | H66: 2745 | I66: 2584 | J66: 2578 | K66: 2178 | L66: 1777 | M66: 2181 | N66: 2139 | O66: 2568 | P66: 2369 | Q66: 2089 | R66: 1743 | S66: 1841 | T66: 1803 | U66: 1431 | V66: 1844 | W66: 1593 | X66: 1277 | Y66: 2613 | Z66: --- | AA66: --- | AB66: --- | AC66: --- | AD66: --- | AE66: --- | AF66: --- | AG66: --- | AH66: --- | AI66: --- | AJ66: --- | AK66: --- | AL66: --- | AM66: ---
A67: Min Coll | B67: Keene Rd | C67: Clarcona Rd to Sheeler Rd | D67: COUNTY | E67: 7090 | F67: 7090* | G67: 10392 | H67: 10149 | I67: 10605 | J67: 10193 | K67: 9828 | L67: 9463 | M67: 9407 | N67: 9061 | O67: 9381 | P67: 6163 | Q67: 7784 | R67: 8174 | S67: 7990 | T67: 8991 | U67: 7402 | V67: 6247 | W67: 6157 | X67: 5287 | Y67: 5507 | Z67: 5808 | AA67: 6651 | AB67: 5531 | AC67: 2183 | AD67: N.C. | AE67: 3164 | AF67: N.C. | AG67: N.C. | AH67: 1888 | AI67: 1609 | AJ67: --- | AK67: --- | AL67: --- | AM67: ---
A68: Min Coll | B68: Keene Rd | C68: Ocoee-Apopka Rd to Marden Rd | D68: COUNTY | E68: 930 | F68: 8066* | G68: 5029 | H68: 5318 | I68: 5358 | J68: 5305 | K68: 5317 | L68: 5330 | M68: 4896 | N68: 4054 | O68: 3758 | P68: 3463 | Q68: 2841 | R68: 3909 | S68: 2959 | T68: 3389 | U68: 2475 | V68: 2298 | W68: 2203 | X68: 2101 | Y68: 2742 | Z68: 4051 | AA68: 2873 | AB68: 2310 | AC68: 3069 | AD68: N/A | AE68: 2053 | AF68: 5086 | AG68: 1997 | AH68: N/A | AI68: 2289 | AJ68: --- | AK68: --- | AL68: --- | AM68: ---
A69: Min Coll | B69: Keene Rd | C69: Marden Rd to Clarcona Rd | D69: CITY | E69: 568 | F69: 568 | G69: 6057 | H69: 6082 | I69: 5985 | J69: 6129 | K69: 5852 | L69: 5576 | M69: 5530 | N69: 5333 | O69: 5016 | P69: 4986 | Q69: 4202 | R69: 4311 | S69: 4217 | T69: 4674 | U69: 3246 | V69: 2844 | W69: 3022 | X69: 2762 | Y69: 3762 | Z69: 4051 | AA69: 2873 | AB69: 2310 | AC69: 3069 | AD69: N/A | AE69: 2053 | AF69: 5086 | AG69: 1997 | AH69: N/A | AI69: 2289 | AJ69: --- | AK69: --- | AL69: --- | AM69: ---
A70: Min Coll | B70: Kelly Park Rd | C70: Mt. Plymouth Rd to Rock Springs Rd | D70: COUNTY | E70: 12.1 | F70: 12* | G70: 12469 | H70: 11679 | I70: 11320 | J70: 8967 | K70: 9904 | L70: 10842 | M70: 10700 | N70: 10431 | O70: 11242 | P70: 3229 | Q70: 10376 | R70: 9600 | S70: 9761 | T70: 9778 | U70: 9145 | V70: 10241 | W70: 10036 | X70: 9831 | Y70: 11627 | Z70: 4034 | AA70: 3280 | AB70: 3638 | AC70: 3993 | AD70: N/A | AE70: 3573 | AF70: 3451 | AG70: 3565 | AH70: 3904 | AI70: 4454 | AJ70: --- | AK70: --- | AL70: --- | AM70: ---
A71: Min Coll | B71: Kelly Park Rd | C71: SR 429 to Plymouth-Sorrento Rd (CR 437) | D71: COUNTY | E71: 10.1 | F71: 9* | G71: 11819 | H71: 11327 | I71: 11768 | J71: 11887 | K71: 10354 | L71: 8821 | M71: 10103 | N71: 10392 | O71: 5677 | P71: 2901 | Q71: 2921 | R71: 2944 | S71: 2830 | T71: 2629 | U71: 2515 | V71: 2496 | W71: 2545 | X71: 2568 | Y71: 3748 | Z71: 2465 | AA71: 2292 | AB71: 2310 | AC71: 3069 | AD71: 2601 | AE71: 2053 | AF71: 5086 | AG71: 1997 | AH71: N/A | AI71: 2289 | AJ71: 0 | AK71: 0 | AL71: 0 | AM71: 0
A72: Min Coll | B72: Kelly Park Rd | C72: Jason Dwelley Pkwy to Mt. Plymouth Rd | D72: CITY | E72: 12 | F72: 12 | G72: 5749 | H72: 5911 | I72: 5901 | J72: 5891 | K72: 6138 | L72: 6385 | M72: 5258 | N72: 5110 | O72: 6833 | P72: 4717 | Q72: 5059 | R72: 4771 | S72: 4944 | T72: 3444 | U72: 3193 | V72: 3474 | W72: 3410 | X72: 3357 | Y72: 5920 | Z72: 4034 | AA72: 3280 | AB72: 3638 | AC72: 3993 | AD72: N/A | AE72: 3573 | AF72: 3451 | AG72: 3565 | AH72: 3904 | AI72: 4454 | AJ72: --- | AK72: --- | AL72: --- | AM72: ---
A73: Min Coll | B73: Kelly Park Rd | C73: Round Lake Rd to SR 429 | D73: CITY | E73: 9.1 | F73: 9.1 | G73: 10679 | H73: 8920 | I73: 7866 | J73: 5803 | K73: 5205 | L73: 4606 | M73: 4601 | N73: 4254 | O73: 6597 | P73: 2546 | Q73: 2633 | R73: 2773 | S73: 2948 | T73: 2466 | U73: 2493 | V73: 2570 | W73: 2545 | X73: 2469 | Y73: 3748 | Z73: 2465 | AA73: 2292 | AB73: 2310 | AC73: 3069 | AD73: 2601 | AE73: 2053 | AF73: 5086 | AG73: 1997 | AH73: N/A | AI73: 2289 | AJ73: --- | AK73: --- | AL73: --- | AM73: ---
A74: Min Coll | B74: Kelly Park Rd | C74: Plymouth-Sorrento Rd (CR 437) to Jason Dwelley Pkwy | D74: CITY | E74: 9 | F74: 9 | G74: 7405 | H74: 7237 | I74: 6835 | J74: 6982 | K74: 6108 | L74: 5233 | M74: 5236 | N74: 5297 | O74: 5896 | P74: 4021 | Q74: 3898 | R74: 3616 | S74: 3599 | T74: 3278 | U74: 3069 | V74: 3531 | W74: 3332 | X74: 3228 | Y74: 4875 | Z74: 2465 | AA74: 2292 | AB74: 2310 | AC74: 3069 | AD74: 2601 | AE74: 2053 | AF74: 5086 | AG74: 1997 | AH74: N/A | AI74: 2289 | AJ74: --- | AK74: --- | AL74: --- | AM74: ---
A75: Min Coll | B75: Kelly Park Road | C75: SR 429 to Plymouth Sorrento Road | D75: CITY | E75: 10.1 | F75: 10.1 | G75: 7123 | H75: --- | I75: --- | J75: --- | K75: --- | L75: --- | M75: --- | N75: --- | O75: --- | P75: --- | Q75: --- | R75: --- | S75: --- | T75: --- | U75: --- | V75: --- | W75: --- | X75: --- | Y75: --- | Z75: --- | AA75: --- | AB75: --- | AC75: --- | AD75: --- | AE75: --- | AF75: --- | AG75: --- | AH75: --- | AI75: --- | AJ75: --- | AK75: --- | AL75: --- | AM75: ---
A76: Min Coll | B76: Kelly Park Road | C76: Round Lake Road to Waypointe Blvd | D76: CITY | E76: 9002 | F76: 9002 | G76: 12779 | H76: --- | I76: --- | J76: --- | K76: --- | L76: --- | M76: --- | N76: --- | O76: --- | P76: --- | Q76: --- | R76: --- | S76: --- | T76: --- | U76: --- | V76: --- | W76: --- | X76: --- | Y76: --- | Z76: --- | AA76: --- | AB76: --- | AC76: --- | AD76: --- | AE76: --- | AF76: --- | AG76: --- | AH76: --- | AI76: --- | AJ76: --- | AK76: --- | AL76: --- | AM76: ---
A77: Min Coll | B77: King St | C77: Peterson Rd to Orange Ave | D77: CITY | E77: 585 | F77: 585 | G77: 1570 | H77: 1145 | I77: 1044 | J77: 1015 | K77: 674 | L77: 332 | M77: --- | N77: --- | O77: --- | P77: --- | Q77: --- | R77: --- | S77: --- | T77: --- | U77: 0 | V77: 0 | W77: 0 | X77: 0 | Y77: 0 | Z77: 0 | AA77: 0 | AB77: 0 | AC77: 0 | AD77: 0 | AE77: 0 | AF77: 0 | AG77: 0 | AH77: 0 | AI77: 0 | AJ77: 0 | AK77: 0 | AL77: 0 | AM77: 0
A78: Min Coll | B78: Lake Ave/Marvin C Zanders Ave | C78: US 441 to 4th St | D78: CITY | E78: 402 | F78: 402 | G78: 2252 | H78: 1968 | I78: 1946 | J78: 1440 | K78: 1752 | L78: 2063 | M78: 2055 | N78: 2043 | O78: 1966 | P78: 2110 | Q78: 1781 | R78: 1880 | S78: 1645 | T78: 2290 | U78: 2061 | V78: 2089 | W78: --- | X78: --- | Y78: --- | Z78: --- | AA78: --- | AB78: --- | AC78: --- | AD78: --- | AE78: --- | AF78: --- | AG78: --- | AH78: --- | AI78: --- | AJ78: --- | AK78: --- | AL78: --- | AM78: ---
A79: Min Coll | B79: Lake Ave/Marvin C Zanders Ave | C79: Martin St to Orange St | D79: CITY | E79: 513 | F79: 513 | G79: 2185 | H79: 2117 | I79: 2122 | J79: 2103 | K79: 2035 | L79: 1967 | M79: 2363 | N79: 2268 | O79: 2338 | P79: 2543 | Q79: 2899 | R79: 2785 | S79: 2827 | T79: 2011 | U79: 2840 | V79: 1614 | W79: 1665 | X79: 1746 | Y79: 1917 | Z79: 1906 | AA79: 1913 | AB79: 1778 | AC79: 1985 | AD79: 2554 | AE79: 3735 | AF79: 2219 | AG79: 2507 | AH79: 1941 | AI79: 2741 | AJ79: 2758 | AK79: 2506 | AL79: 2733 | AM79: 2166
A80: Min Coll | B80: Lake Ave/Marvin C Zanders Ave | C80: Orange St to US 441 | D80: CITY | E80: 515 | F80: 515 | G80: 1137 | H80: 1200 | I80: 1217 | J80: 1338 | K80: 1268 | L80: 1198 | M80: 1275 | N80: 1183 | O80: 1279 | P80: 1553 | Q80: 1523 | R80: 1483 | S80: 1509 | T80: 1674 | U80: 1429 | V80: 1509 | W80: 1494 | X80: 1515 | Y80: 1646 | Z80: 1535 | AA80: 1512 | AB80: 1397 | AC80: 1489 | AD80: 1481 | AE80: 1434 | AF80: 1460 | AG80: 2053 | AH80: 1503 | AI80: 1331 | AJ80: 1770 | AK80: 1679 | AL80: 1636 | AM80: 1087
A81: Min Coll | B81: Lake Cortez Dr | C81: SR 436 to Evelyn Dr | D81: CITY | E81: 811 | F81: 811 | G81: 692 | H81: 666 | I81: 697 | J81: 605 | K81: 735 | L81: 866 | M81: 833 | N81: 963 | O81: 946 | P81: 1203 | Q81: 1016 | R81: 1069 | S81: 1062 | T81: 1193 | U81: 1138 | AB81: 1137 | AC81: 1371 | AD81: N.C. | AE81: 578 | AF81: --- | AG81: --- | AH81: --- | AI81: --- | AJ81: --- | AK81: --- | AL81: --- | AM81: ---
A82: Min Coll | B82: Lake Doe Blvd | C82: US 441 to Dunn Cove Dr | D82: CITY | E82: 1015 | F82: 1015 | G82: 3559 | H82: 3551 | I82: 3591 | J82: 3552 | K82: 3638 | L82: 3723 | M82: 3798 | N82: 3826 | O82: 3550 | P82: 3406 | Q82: 3277 | R82: 3024 | S82: 2896 | T82: 2953 | U82: 3101 | V82: 2904 | W82: 2986 | X82: N.C. | Y82: 2863 | Z82: N.C. | AA82: 3379 | AB82: 2864 | AC82: 2001 | AD82: N.C. | AE82: 1417 | AF82: 1150 | AG82: --- | AH82: --- | AI82: --- | AJ82: --- | AK82: --- | AL82: --- | AM82: ---
A83: Min Coll | B83: Lake Francis Dr | C83: Errol Pkwy to Vick Rd | D83: CITY | E83: 504 | F83: 504 | G83: 3159 | H83: 3185 | I83: 3210 | J83: 3331 | K83: 3214 | L83: 3097 | M83: 3447 | N83: 3309 | O83: 3374 | P83: 3475 | Q83: 3352 | R83: 3517 | S83: 3053 | T83: 3269 | U83: 3764 | V83: 3354 | W83: 3458 | X83: 3410 | Y83: 3377 | Z83: 3552 | AA83: 3560 | AB83: 3645 | AC83: 3057 | AD83: 2777 | AE83: 2581 | AF83: 2609 | AG83: 2999 | AH83: 2545 | AI83: 2274 | AJ83: --- | AK83: --- | AL83: --- | AM83: ---
A84: Min Coll | B84: Lake Francis Dr | C84: Schopke Lester Rd to Errol Pkwy | D84: CITY | E84: 505 | F84: 505 | G84: 1173 | H84: 1156 | I84: 1164 | J84: 1173 | K84: 1141 | L84: 1110 | M84: 1287 | N84: 1177 | O84: 807 | P84: 776 | Q84: 747 | R84: 836 | S84: 826 | T84: 986 | U84: 992 | V84: 1515 | W84: 1706 | X84: 1740 | Y84: 1768 | Z84: 868 | AA84: 804 | AB84: 1608 | AC84: 535 | AD84: 805 | AE84: 451 | AF84: 456 | AG84: 1520 | AH84: 936 | AI84: 769 | AJ84: 1197 | AK84: 1132 | AL84: 967 | AM84: 565
A85: Min Coll | B85: Lakeville Rd | C85: Beggs Rd to Clarcona Ocoee Rd | D85: COUNTY | E85: 67 | F85: 67* | G85: 5865 | H85: 5360 | I85: 5769 | J85: 5601 | K85: 5968 | L85: 6335 | M85: 7010 | N85: 6169 | O85: 6192 | P85: 4945 | Q85: 4905 | R85: 5315 | S85: 5018 | T85: 4176 | U85: 4003 | V85: 4592 | W85: 4387 | X85: 4592 | Y85: 4442 | Z85: 5098 | AA85: 5034 | AB85: 5421 | AC85: 5935 | AD85: N.C. | AE85: 9286 | AF85: 9707 | AG85: 10107 | AH85: 9730 | AI85: 9256 | AJ85: --- | AK85: --- | AL85: --- | AM85: ---
A86: Min Art | B86: Lakeville Rd | C86: Apopka Blvd to Wildwood St | D86: CITY | E86: 657 | F86: 657 | G86: 3693 | H86: 4516 | I86: 5023 | J86: 6404 | K86: 6074 | L86: 5744 | M86: 7260 | N86: 6938 | O86: 5651 | P86: 5660 | Q86: 4223 | R86: 5129 | S86: 5211 | T86: 4705 | U86: 4818 | V86: 6194 | W86: 4304 | X86: 5636 | Y86: 7092 | Z86: 5849 | AA86: 7142 | AB86: 6587 | AC86: 7020 | AD86: 10545 | AE86: 12337 | AF86: 12620 | AG86: 12020 | AH86: 11246 | AI86: 10200 | AJ86: 10213 | AK86: 10482 | AL86: 8127 | AM86: 6032
A87: Min Coll | B87: Lakeville Rd | C87: Wildwood St to Beggs Rd | D87: COUNTY | E87: 30 | F87: (30, 31)* | G87: 6273 | H87: 4849 | I87: 4892 | J87: 4240 | K87: 5012 | L87: 5784 | M87: 5791 | N87: 5727 | O87: 5546 | P87: 5571 | Q87: 5245 | R87: 4626 | S87: 5196 | T87: 4612 | U87: 3966 | V87: 3002 | W87: 4757 | X87: 4981 | Y87: 5690 | Z87: 6687 | AA87: 7139 | AB87: --- | AC87: 7856 | AD87: --- | AE87: 11999 | AF87: 12368 | AG87: 12283 | AH87: 11177 | AI87: 9877 | AJ87: --- | AK87: --- | AL87: --- | AM87: ---
A88: Min Coll | B88: Lester Rd | C88: Schopke Lester Rd to Plymouth-Sorrento Rd (CR 437) | D88: CITY | E88: 801 | F88: 801 | G88: 5494 | H88: 5535 | I88: 5299 | J88: 5620 | K88: 4965 | L88: 4309 | M88: 4220 | N88: 3926 | O88: 3502 | P88: 2825 | Q88: 2898 | R88: 2938 | S88: 2353 | T88: 2199 | U88: 2104 | V88: 2074 | W88: 1908 | X88: 1782 | Y88: 2062 | Z88: 1640 | AA88: --- | AB88: --- | AC88: --- | AD88: --- | AE88: --- | AF88: --- | AG88: --- | AH88: --- | AI88: --- | AJ88: --- | AK88: --- | AL88: --- | AM88: ---
A89: Min Coll | B89: Lester Rd | C89: Vick Rd to Schopke Lester Rd | D89: CITY | E89: 506 | F89: 506 | G89: 6465 | H89: 6662 | I89: 6573 | J89: 6830 | K89: 6651 | L89: 6472 | M89: 5734 | N89: 5073 | O89: 4529 | P89: 4409 | Q89: 3910 | R89: 4045 | S89: 3075 | T89: 2876 | U89: 2902 | V89: 2597 | W89: 2865 | X89: 2823 | Y89: 3656 | Z89: 2509 | AA89: 2534 | AB89: 1112 | AC89: 495 | AD89: 2309 | AE89: 461 | AF89: 450 | AG89: 1063 | AH89: 420 | AI89: 770 | AJ89: 238 | AK89: 304 | AL89: --- | AM89: ---
A90: Min Coll | B90: Lester Rd | C90: Rock Springs Rd to Vick Rd | D90: CITY | E90: 583 | F90: 583 | G90: 5964 | H90: 6006 | I90: 5942 | J90: 6075 | K90: 5875 | L90: 5674 | M90: 5614 | N90: --- | O90: --- | P90: --- | Q90: --- | R90: --- | S90: --- | T90: --- | U90: --- | V90: --- | W90: --- | X90: --- | Y90: --- | Z90: --- | AA90: --- | AB90: --- | AC90: --- | AD90: --- | AE90: --- | AF90: --- | AG90: --- | AH90: --- | AI90: --- | AJ90: --- | AK90: --- | AL90: --- | AM90: ---
A91: Min Coll | B91: Lust Rd | C91: Binion Rd to Avian Pointe Blvd | D91: CITY | E91: 526 | F91: 526 | G91: 1666 | H91: 905 | I91: 838 | J91: 721 | K91: 361 | L91: 0 | M91: N.C. | N91: N.C. | O91: N.C. | P91: N.C. | Q91: N.C. | R91: N.C. | S91: N.C. | T91: N.C. | U91: 372 | V91: --- | W91: --- | X91: --- | Y91: --- | Z91: --- | AA91: --- | AB91: --- | AC91: --- | AD91: --- | AE91: --- | AF91: --- | AG91: --- | AH91: --- | AI91: --- | AJ91: --- | AK91: --- | AL91: --- | AM91: ---
A92: Min Coll | B92: Magee Avenue | C92: US 441 to E 6th Street | D92: CITY | E92: 413 | F92: 413 | G92: 939 | H92: --- | I92: --- | J92: --- | K92: --- | L92: --- | M92: --- | N92: --- | O92: --- | P92: --- | Q92: --- | R92: --- | S92: --- | T92: --- | U92: --- | V92: --- | W92: --- | X92: --- | Y92: --- | Z92: --- | AA92: --- | AB92: --- | AC92: --- | AD92: --- | AE92: --- | AF92: --- | AG92: --- | AH92: --- | AI92: --- | AJ92: --- | AK92: --- | AL92: --- | AM92: ---
A93: Min Coll | B93: Magee Avenue | C93: Monroe Ave to US 441 | D93: CITY | E93: 412 | F93: 412 | G93: 1864 | H93: --- | I93: --- | J93: --- | K93: --- | L93: --- | M93: --- | N93: --- | O93: --- | P93: --- | Q93: --- | R93: --- | S93: --- | T93: --- | U93: --- | V93: --- | W93: --- | X93: --- | Y93: --- | Z93: --- | AA93: --- | AB93: --- | AC93: --- | AD93: --- | AE93: --- | AF93: --- | AG93: --- | AH93: --- | AI93: --- | AJ93: --- | AK93: --- | AL93: --- | AM93: ---
A94: Min Coll | B94: Marden Rd | C94: SR 414 to Keene Rd | D94: CITY | E94: 569 | F94: 569 | G94: 2371 | H94: 2337 | I94: 2845 | J94: 2087 | K94: 3680 | L94: 5274 | M94: --- | N94: --- | O94: --- | P94: --- | Q94: --- | R94: --- | S94: --- | T94: --- | U94: --- | V94: --- | W94: --- | X94: --- | Y94: --- | Z94: --- | AA94: --- | AB94: --- | AC94: --- | AD94: --- | AE94: --- | AF94: --- | AG94: --- | AH94: --- | AI94: --- | AJ94: --- | AK94: --- | AL94: --- | AM94: ---
A95: Min Coll | B95: Marden Rd | C95: Marden Ridge Lp to SR 414 | D95: CITY | E95: 560 | F95: 560 | G95: 6969 | H95: 5885 | I95: 5576 | J95: 3184 | K95: 4838 | L95: 6492 | M95: 3935 | N95: 1787 | O95: 1668 | P95: 1898 | Q95: 1388 | R95: 1770 | S95: 1445 | T95: 1158 | U95: 763 | V95: 808 | W95: 528 | X95: 477 | Y95: N.C. | Z95: N.C. | AA95: 923 | AB95: 938 | AC95: 599 | AD95: N.C. | AE95: N.C. | AF95: 1039 | AG95: 1039 | AH95: 1039 | AI95: 1201 | AJ95: --- | AK95: --- | AL95: --- | AM95: ---
A96: Min Coll | B96: Marden Rd | C96: Ocoee-Apopka Rd to Marden Ridge Lp | D96: CITY | E96: 555 | F96: 555 | G96: 5936 | H96: 5982 | I96: 5808 | J96: 5362 | K96: 5927 | L96: 6492 | M96: 3935 | N96: 1787 | O96: 1668 | P96: 1898 | Q96: 1388 | R96: 1770 | S96: 1445 | T96: 1158 | U96: 763 | V96: 808 | W96: 528 | X96: 477 | Y96: N.C. | Z96: N.C. | AA96: 923 | AB96: 938 | AC96: 599 | AD96: N.C. | AE96: N.C. | AF96: 1039 | AG96: 1039 | AH96: 1039 | AI96: 1201 | AJ96: --- | AK96: --- | AL96: --- | AM96: ---
A97: Min Coll | B97: Marshall Lake Rd | C97: SR 451 to Bradshaw Rd | D97: CITY | E97: 584 | F97: 584 | G97: 1187 | H97: 985 | I97: 825 | J97: 568 | K97: 492 | L97: 415 | M97: --- | N97: --- | O97: --- | P97: --- | Q97: --- | R97: --- | S97: --- | T97: --- | U97: --- | V97: --- | W97: --- | X97: --- | Y97: --- | Z97: --- | AA97: --- | AB97: --- | AC97: --- | AD97: --- | AE97: --- | AF97: --- | AG97: --- | AH97: --- | AI97: --- | AJ97: --- | AK97: --- | AL97: --- | AM97: ---
A98: Min Coll | B98: Martin St | C98: Park Ave to Lake Ave | D98: CITY | E98: 519 | F98: 519 | G98: 3019 | H98: 3094 | I98: 3121 | J98: 3465 | K98: 3089 | L98: 2713 | M98: 3542 | N98: 3696 | O98: 3811 | P98: 3779 | Q98: 2211 | R98: 4257 | S98: 4124 | T98: 4503 | U98: 4018 | V98: 4297 | W98: 4350 | X98: 4228 | Y98: CST. | Z98: N.C. | AA98: 4078 | AB98: 4910 | AC98: 4378 | AD98: N.C. | AE98: 3415 | AF98: N.C. | AG98: N.C. | AH98: 4175 | AI98: 4391 | AJ98: --- | AK98: --- | AL98: --- | AM98: ---
A99: Min Coll | B99: Martin St | C99: Maine Ave to Vick Rd | D99: CITY | E99: 830 | F99: 830 | G99: 4337 | H99: 4901 | I99: 4825 | J99: 5961 | K99: 5026 | L99: 4091 | M99: 4097 | N99: 4040 | O99: 4387 | P99: 4273 | Q99: 3968 | R99: 4151 | S99: 4241 | T99: 3783 | U99: 3363 | V99: --- | W99: --- | X99: --- | Y99: --- | Z99: --- | AA99: --- | AB99: --- | AC99: --- | AD99: --- | AE99: --- | AF99: --- | AG99: --- | AH99: --- | AI99: --- | AJ99: --- | AK99: --- | AL99: --- | AM99: ---
A100: Min Coll | B100: Midland Ave | C100: US 441 to 6th St | D100: CITY | E100: 407 | F100: 407 | G100: 1322 | H100: 3643 | I100: 3539 | J100: 8044 | K100: 4663 | L100: 1282 | M100: 1544 | N100: 1440 | O100: 1427 | P100: 1168 | Q100: 1293 | R100: 1066 | S100: 1065 | T100: 1012 | U100: 990 | V100: 1214 | W100: --- | X100: --- | Y100: --- | Z100: --- | AA100: --- | AB100: --- | AC100: --- | AD100: --- | AE100: --- | AF100: --- | AG100: --- | AH100: --- | AI100: --- | AJ100: --- | AK100: --- | AL100: --- | AM100: ---
...

Sheet Trend
A1: Class | B1: Roadway | C1: Segment | D1: Source | E1: 2022 Station | F1: 2025 Station | G1: Historical Daily Volumes | L1: Annual | M1: FDOT Trends Analysis
G2: 2025 | H2: 2024 | I2: 2023 | J2: 2022 | K2: 2021 | L2: Trend | M2: RSQ | N2: Slope | O2: Intercept
A3: Min Coll | B3: 10th St | C3: Alabama Ave to Sheeler Ave | D3: CITY | E3: 411 | F3: 411 | G3: 467 | H3: 469 | I3: 475 | J3: 471 | K3: 485 | L3: -0.8137045 | M3: 0.7106 | N3: -3.8 | O3: 8160.8
A4: Min Coll | B4: 13th St | C4: Ocoee-Apopka Rd to Park Ave | D4: CITY | E4: 840 | F4: 840 | G4: 3017 | H4: 2871 | I4: 2771 | J4: 2697 | K4: 2488 | L4: 4.0835267 | M4: 0.9726 | N4: 123.2 | O4: -246464.8
A5: Min Coll | B5: 13th St | C5: Park Ave to Apopka Blvd | D5: CITY | E5: 841 | F5: 841 | G5: 3788 | H5: 3692 | I5: 3642 | J5: 3639 | K5: 3450 | L5: 1.9244984 | M5: 0.8757 | N5: 72.9 | O5: -143834.5
A6: Min Coll | B6: 2nd St (Monroe Ave) | C6: Central Ave to Park Ave | D6: CITY | E6: 401 | F6: 401 | G6: 897 | H6: 947 | I6: 994 | J6: 1025 | K6: 1100 | L6: -5.3957637 | M6: 0.9841 | N6: -48.4 | O6: 98905.8
A7: Min Coll | B7: 5th St | C7: Park Ave to Highland Ave | D7: CITY | E7: 403 | F7: 403 | G7: 1778 | H7: 2708 | I7: 2836 | J7: 3921 | K7: 3818 | L7: -29.769404 | M7: 0.8974 | N7: -529.3 | O7: 1073786.1
A8: Min Coll | B8: 6th St | C8: Park Ave to Alabama Ave | D8: CITY | E8: 650 | F8: 650 | G8: 2283 | H8: 3126 | I8: 3084 | J8: 4585 | K8: 3556 | L8: -17.542707 | M8: 0.5679 | N8: -400.5 | O8: 813538.3
A9: Min Coll | B9: 6th St | C9: Alabama Ave to US 441 | D9: CITY | E9: 410 | F9: 410 | G9: 1435 | H9: 1848 | I9: 1699 | J9: 2560 | K9: 1674 | L9: -8.2926829 | M9: 0.194 | N9: -119 | O9: 242580.2
A10: Min Coll | B10: 8th St | C10: Park Ave to Highland Ave | D10: CITY | E10: 404 | F10: 404 | G10: 3069 | H10: 4231 | I10: 4097 | J10: 6389 | K10: 4559 | L10: -16.74161 | M10: 0.4513 | N10: -513.8 | O10: 1043886.4
A11: Min Coll | B11: 9th St | C11: Central Ave to Park Ave | D11: CITY | E11: 333 | F11: 333 | G11: 3797 | H11: 4081 | I11: 4264 | J11: 4461 | K11: 4773 | L11: -6.1416908 | M11: 0.9909 | N11: -233.2 | O11: 476038.8
A12: Min Coll | B12: Alabama Ave | C12: Monroe Ave to US 441 | D12: CITY | E12: 409 | F12: 409 | G12: 297 | H12: 336 | I12: 353 | J12: 366 | K12: 422 | L12: -9.4276094 | M12: 0.9402 | N12: -28 | O12: 56998.8
A13: Min Coll | B13: Appy Ln | C13: Plymouth-Sorrento Rd (CR 437) to Jason Dwelley Pkwy | D13: CITY | E13: 971 | F13: 971 | G13: 1224 | H13: 1328 | I13: 1297 | J13: 1513 | K13: 1315 | L13: -2.998366 | M13: 0.2935 | N13: -36.7 | O13: 75579.5
A14: Min Coll | B14: Binion Rd/Orange Ave | C14: Lakeview Dr to US 441 | D14: COUNTY | E14: 554 | F14: 404* | G14: 6099 | H14: 5661 | I14: 5482 | J14: 5371 | K14: 5035 | L14: 3.9645844 | M14: 0.953 | N14: 241.8 | O14: -483631.8
A15: Min Coll | B15: Binion Rd/Orange Ave | C15: Boy Scout Rd to Lakeview Dr | D15: COUNTY | E15: 553 | F15: (404, 327)* | G15: 8813 | H15: 6768.5 | I15: 6579 | J15: 7452 | K15: 7061 | L15: 3.2003858 | M15: 0.2513 | N15: 282.05 | O15: -563252.45
A16: Min Coll | B16: Binion Rd/Orange Ave | C16: Ocoee-Apopka Rd to Harmon Rd | D16: COUNTY | E16: 28 | F16: 28* | G16: 7282 | H16: 5535 | I16: 5553 | J16: 5391 | K16: 5000 | L16: 6.4652568 | M16: 0.7096 | N16: 470.8 | O16: -946676.2
A17: Min Coll | B17: Binion Rd/Orange Ave | C17: Harmon Rd to Boy Scout Rd | D17: CITY | E17: 673 | F17: 673 | G17: 9014 | H17: 7958 | I17: 7352 | J17: 6015 | K17: 5831 | L17: 9.2178833 | M17: 0.9641 | N17: 830.9 | O17: -1673676.7
A18: Min Coll | B18: Boy Scout Rd | C18: Binion Rd to Ocoee-Apopka Rd | D18: CITY | E18: 556 | F18: 556 | G18: 2992 | H18: 2567 | I18: 2297 | J18: 1790 | K18: 1643 | L18: 11.614305 | M18: 0.9794 | N18: 347.5 | O18: -700734.7
A19: Min Coll | B19: Bradshaw Rd | C19: US 441 to Ocoee-Apopka Rd | D19: CITY | E19: 557 | F19: 557 | G19: 8963 | H19: 8276 | I19: 7849 | J19: 7474 | K19: 6579 | L19: 6.2144371 | M19: 0.9773 | N19: 557 | O19: -1118982.8
A20: Min Art | B20: CR 424 (Alabama Ave/Apopka Blvd) | C20: Hiawassee Rd to Overland Rd | D20: COUNTY | E20: 33.1 | F20: 33* | G20: 7749 | H20: 7398 | I20: 7268 | J20: 7194 | K20: 6825 | L20: 2.6480836 | M20: 0.9394 | N20: 205.2 | O20: -407832.8
A21: Min Art | B21: CR 424 (Alabama Ave/Apopka Blvd) | C21: 8th St to Sheeler Rd | D21: COUNTY | E21: 651 | F21: 1008* | G21: 4985 | H21: 4898 | I21: 4924 | J21: 4781 | K21: 4520 | L21: 2.1003009 | M21: 0.8082 | N21: 104.7 | O21: -206986.5
A22: Min Art | B22: CR 424 (Alabama Ave/Apopka Blvd) | C22: Overland Rd to US 441 | D22: CITY | E22: 671 | F22: 671 | G22: 6157 | H22: 5953 | I22: 5856 | J22: 5888 | K22: 5437 | L22: 2.4443723 | M22: 0.819 | N22: 150.5 | O22: -298603.3
A23: Min Art | B23: CR 424 (Alabama Ave/Apopka Blvd) | C23: Lakeville Rd to Hiawassee Rd | D23: CITY | E23: 658 | F23: 658 | G23: 12357 | H23: 12178 | I23: 12042 | J23: 12259 | K23: 11530 | L23: 1.2729627 | M23: 0.5862 | N23: 157.3 | O23: -306144.7
A24: Min Art | B24: CR 424 (Alabama Ave/Apopka Blvd) | C24: Sheeler Rd to Lakeville Rd | D24: COUNTY | E24: 653 | F24: 7033* | G24: 9464 | H24: 8819 | I24: 9359 | J24: 8955 | K24: 8672 | L24: 1.5300085 | M24: 0.4441 | N24: 144.8 | O24: -283876.6
A25: Min Art | B25: CR 424 (Alabama Ave/Apopka Blvd) | C25: US 441 to 8th St | D25: CITY | E25: 670 | F25: 670 | G25: 2343 | H25: 2366 | I25: 2462 | J25: 2496 | K25: 2576 | L25: -2.5437473 | M25: 0.9697 | N25: -59.6 | O25: 123019.4
A26: Min Art | B26: CR 435 (Rock Spring Rd/Park Ave/Clarcona Rd) | C26: Keene Rd to McCormick Rd | D26: COUNTY | E26: 565 | F26: (32, 7004)* | G26: 17509 | H26: 17128 | I26: 16247 | J26: 15366 | K26: 14423 | L26: 4.5313839 | M26: 0.9822 | N26: 793.4 | O26: -1588913.6
A27: Min Art | B27: CR 435 (Rock Spring Rd/Park Ave/Clarcona Rd) | C27: M. Gladden Blvd to Cleveland St | D27: COUNTY | E27: 328.1 | F27: 328* | G27: 10985 | H27: 11280 | I27: 11410 | J27: 11186 | K27: 10988 | L27: 0.08010924 | M27: 0.0056 | N27: 8.8 | O27: -6632.6
A28: Min Art | B28: CR 435 (Rock Spring Rd/Park Ave/Clarcona Rd) | C28: Votaw Rd to Orange St | D28: COUNTY | E28: 426 | F28: 426* | G28: 22457 | H28: 21149 | I28: 22946 | J28: 22719 | K28: 22690 | L28: -0.90662154 | M28: 0.202 | N28: -203.6 | O28: 434275
A29: Min Art | B29: CR 435 (Rock Spring Rd/Park Ave/Clarcona Rd) | C29: Welch Rd to Sandpiper Rd | D29: COUNTY | E29: 21 | F29: 21* | G29: 25667 | H29: 26426 | I29: 24859 | J29: 24135 | K29: 23950 | L29: 2.2304905 | M29: 0.7537 | N29: 572.5 | O29: -1133160.1
A30: Min Art | B30: CR 435 (Rock Spring Rd/Park Ave/Clarcona Rd) | C30: Ponkan Rd to Welch Rd | D30: COUNTY | E30: 19 | F30: 19* | G30: 24048 | H30: 24053 | I30: 23417 | J30: 23080 | K30: 25429 | L30: -0.74392881 | M30: 0.099 | N30: -178.9 | O30: 385920.1
A31: Min Art | B31: CR 435 (Rock Spring Rd/Park Ave/Clarcona Rd) | C31: McCormick Rd to Clarcona-Ocoee Rd | D31: CITY | E31: 7004 | F31: 7004 | G31: 15230 | H31: 21455 | I31: 21234 | J31: 33275 | K31: 24330 | L31: -19.711097 | M31: 0.5204 | N31: -3002 | O31: 6096150.8
A32: Min Art | B32: CR 435 (Rock Spring Rd/Park Ave/Clarcona Rd) | C32: Sandpiper Rd to Votaw Rd | D32: CITY | E32: 516 | F32: 516 | G32: 22569 | H32: 23228 | I32: 23164 | J32: 25324 | K32: 23009 | L32: -1.3186229 | M32: 0.192 | N32: -297.6 | O32: 625503.6
A33: Min Art | B33: CR 435 (Rock Spring Rd/Park Ave/Clarcona Rd) | C33: US 441 to M. Gladden Blvd | D33: CITY | E33: 563 | F33: 563 | G33: 11434 | H33: 12123 | I33: 12626 | J33: 13503 | K33: 13725 | L33: -5.2142732 | M33: 0.9779 | N33: -596.2 | O33: 1218794.8
A34: Min Art | B34: CR 435 (Rock Spring Rd/Park Ave/Clarcona Rd) | C34: Orange St to US 441 | D34: CITY | E34: 580 | F34: 580 | G34: 25032 | H34: 22581 | I34: 22288 | J34: 18213 | K34: 20357 | L34: 5.4801854 | M34: 0.7186 | N34: 1371.8 | O34: -2753457.2
A35: Min Art | B35: CR 435 (Rock Spring Rd/Park Ave/Clarcona Rd) | C35: Cleveland St to Keene Rd | D35: COUNTY | E35: 564 | F35: 7005* | G35: 10441 | H35: 10738 | I35: 10272 | J35: 10170 | K35: 9795 | L35: 1.7814386 | M35: 0.7162 | N35: 186 | O35: -365994.8
A36: Min Art | B36: CR 435 (Rock Spring Rd/Park Ave/Clarcona Rd) | C36: Kelly Park Rd to Ponkan Rd | D36: COUNTY | E36: 18.1 | F36: 18* | G36: 16860 | H36: 20071 | I36: 20037 | J36: 17241 | K36: 17409 | L36: 1.0272835 | M36: 0.0296 | N36: 173.2 | O36: -332060
A37: Min Art | B37: CR 437A (Ocoee-Apopka Rd/Michael Gladden Blvd/Central Ave) | C37: Harmon Rd to Bradshaw Rd | D37: COUNTY | E37: 27 | F37: 27* | G37: 14653 | H37: 12995 | I37: 14873 | J37: 14581 | K37: 13983 | L37: -0.16788371 | M37: 0.0026 | N37: -24.6 | O37: 63982.8
A38: Min Art | B38: CR 437A (Ocoee-Apopka Rd/Michael Gladden Blvd/Central Ave) | C38: Bradshaw Rd to Park Ave | D38: COUNTY | E38: 7083 | F38: 7083* | G38: 8980 | H38: 8043 | I38: 8193 | J38: 8032 | K38: 7775 | L38: 2.6959911 | M38: 0.6962 | N38: 242.1 | O38: -481563.7
A39: Min Art | B39: CR 437A (Ocoee-Apopka Rd/Michael Gladden Blvd/Central Ave) | C39: Alston Bay Blvd to Harmon Rd | D39: COUNTY | E39: 559 | F39: (27, 29)* | G39: 14716 | H39: 13257.5 | I39: 14044.5 | J39: 12831 | K39: 11875 | L39: 4.1509242 | M39: 0.7771 | N39: 610.85 | O39: -1222404.8
A40: Min Art | B40: CR 437A (Ocoee-Apopka Rd/Michael Gladden Blvd/Central Ave) | C40: Keene Rd to Alston Bay Blvd | D40: CITY | E40: 29 | F40: 29 | G40: 15179 | H40: 14503 | I40: 14014 | J40: 12799 | K40: 13119 | L40: 3.8368799 | M40: 0.8851 | N40: 582.4 | O40: -1164272.4
A41: Min Art | B41: CR 437A (Ocoee-Apopka Rd/Michael Gladden Blvd/Central Ave) | C41: Binion Rd to Keene Rd | D41: CITY | E41: 702 | F41: 702 | G41: 16693 | H41: 16455 | I41: 16154 | J41: 15460 | K41: 15843 | L41: 1.6144492 | M41: 0.7613 | N41: 269.5 | O41: -529077.5
A42: Min Coll | B42: Christiana Ave | C42: Monroe Ave to Votaw Rd | D42: CITY | E42: 520 | F42: 520 | G42: 2166 | H42: 1992 | I42: 1980 | J42: 1746 | K42: 1825 | L42: 4.2843952 | M42: 0.8107 | N42: 92.8 | O42: -185792.6
A43: Min Coll | B43: Cleveland St | C43: Park Ave to Sheeler Rd | D43: CITY | E43: 655 | F43: 655 | G43: 1761 | H43: 1783 | I43: 1808 | J43: 1861 | K43: 1839 | L43: -1.3287905 | M43: 0.8328 | N43: -23.4 | O43: 49148.6
A44: Min Coll | B44: E 5th Street | C44: S Central Ave to Park Avenue | D44: CITY | E44: 414 | F44: 414 | G44: 2117 | H44: --- | I44: --- | J44: --- | K44: --- | L44: N/A | M44: N/A | N44: N/A | O44: N/A
A45: Min Coll | B45: Edgewood Dr | C45: Monroe Ave to US 441 | D45: CITY | E45: 408 | F45: 408 | G45: 5010 | H45: 4969 | I45: 4441 | J45: 5018 | K45: 3562 | L45: 5.6826347 | M45: 0.5124 | N45: 284.7 | O45: -571348.1
A46: Min Coll | B46: Errol Pkwy | C46: Lake Francis Dr to Lake Alden Dr | D46: CITY | E46: 508 | F46: 508 | G46: 2351 | H46: 2395 | I46: 2432 | J46: 2487 | K46: 2507 | L46: -1.7184177 | M46: 0.9861 | N46: -40.4 | O46: 84163.6
A47: Min Coll | B47: Errol Pkwy | C47: Lake Alden Dr to Old Dixie Hwy | D47: CITY | E47: 509 | F47: 509 | G47: 4014 | H47: 4019 | I47: 4048 | J47: 4029 | K47: 4093 | L47: -0.41853513 | M47: 0.6868 | N47: -16.8 | O47: 38027
A48: Min Coll | B48: Errol Pkwy | C48: Old Dixie Hwy to US 441 | D48: CITY | E48: 541 | F48: 541 | G48: 6954 | H48: 7934 | I48: 8222 | J48: 9886 | K48: 9148 | L48: -9.1170549 | M48: 0.7876 | N48: -634 | O48: 1291010.8
A49: Min Coll | B49: General Electric Rd | C49: Hermit Smith Rd to Orange Ave | D49: CITY | E49: 931 | F49: 931 | G49: 2195 | H49: 2159 | I49: 1966 | J49: 2012 | K49: 1697 | L49: 5.2072893 | M49: 0.8361 | N49: 114.3 | O49: -229223.1
A50: Min Coll | B50: Golden Gem Rd | C50: Kelly Park Rd to Sadler Rd | D50: CITY | E50: 909 | F50: 909 | G50: 1843 | H50: 1330 | I50: 1057 | J50: 423 | K50: 331 | L50: 21.329354 | M50: 0.9638 | N50: 393.1 | O50: -794244.5
A51: Min Coll | B51: Golden Gem Rd | C51: Sadler Rd to Ponkan Rd | D51: CITY | E51: 910 | F51: 910 | G51: 1108 | H51: 846 | I51: 698 | J51: 387 | K51: 313 | L51: 18.49278 | M51: 0.9738 | N51: 204.9 | O51: -413842.3
A52: Min Coll | B52: Greenacre Rd | C52: Piedmont-Wekiwa Rd to Neil Rd | D52: CITY | E52: 820 | F52: 820 | G52: 3762 | H52: 3949 | I52: 4154 | J52: 4040 | K52: 4697 | L52: -5.2126528 | M52: 0.7724 | N52: -196.1 | O52: 400830.7
A53: Min Coll | B53: Haas Rd | C53: Plymouth-Sorrento Rd (CR 437) to Mt Plymouth Rd | D53: CITY | E53: 920 | F53: 920 | G53: 1440 | H53: 1356 | I53: 1239 | J53: 1176 | K53: 1028 | L53: 6.9722222 | M53: 0.9864 | N53: 100.4 | O53: -201861.4
A54: Min Coll | B54: Harmon Rd | C54: Binion Rd to Ocoee-Apopka Rd | D54: CITY | E54: 972 | F54: 972 | G54: 5426 | H54: 4672 | I54: 4022 | J54: 3266 | K54: 2620 | L54: 12.934021 | M54: 0.9993 | N54: 701.8 | O54: -1415740.2
A55: Min Coll | B55: Harmon Road | C55: Ocoee Apopka Road to Marden Road | D55: CITY | E55: 975 | F55: 975 | G55: 4050 | H55: --- | I55: --- | J55: --- | K55: --- | L55: N/A | M55: N/A | N55: N/A | O55: N/A
A56: Min Coll | B56: Hawthorne Ave | C56: Ocoee-Apopka Rd to 13th St | D56: CITY | E56: 561 | F56: 561 | G56: 1129 | H56: 1163 | I56: 1251 | J56: 1219 | K56: 1406 | L56: -5.4030115 | M56: 0.8061 | N56: -61 | O56: 124636.6
A57: Min Coll | B57: Hawthorne Ave | C57: US 441 to Ocoee-Apopka Rd | D57: CITY | E57: 562 | F57: 562 | G57: 1084 | H57: 1113 | I57: 1232 | J57: 1235 | K57: 1393 | L57: -6.8265683 | M57: 0.9146 | N57: -74 | O57: 150913.4
A58: Min Coll | B58: Hermit Smith Rd | C58: US 441 to General Electric Rd | D58: CITY | E58: 950 | F58: 950 | G58: 2821 | H58: 2689 | I58: 2401 | J58: 2425 | K58: 1903 | L58: 7.4441687 | M58: 0.8874 | N58: 210 | O58: -422382.2
A59: Min Coll | B59: Hermit Smith Rd | C59: Plymouth-Sorrento Rd (CR 437) to US 441 | D59: CITY | E59: 951 | F59: 951 | G59: 991 | H59: 1022 | I59: 1009 | J59: 1100 | K59: 998 | L59: -0.9283552 | M59: 0.1089 | N59: -9.2 | O59: 19635.6
A60: Min Coll | B60: Hermit Smith Rd | C60: General Electric Rd to US 441 | D60: CITY | E60: 952 | F60: 952 | G60: 215 | H60: 261 | I60: 301 | J60: 356 | K60: 384 | L60: -20.139535 | M60: 0.993 | N60: -43.3 | O60: 87899.3
A61: Min Coll | B61: Highland Ave | C61: US 441 to 6th St | D61: CITY | E61: 406 | F61: 406 | G61: 698 | H61: --- | I61: --- | J61: --- | K61: --- | L61: N/A | M61: N/A | N61: N/A | O61: N/A
A62: Min Coll | B62: Highland Ave | C62: Monroe Ave to US 441 | D62: CITY | E62: 405 | F62: 405 | G62: 1267 | H62: --- | I62: --- | J62: --- | K62: --- | L62: N/A | M62: N/A | N62: N/A | O62: N/A
A63: Min Coll | B63: Hogshead Rd | C63: Hermit Smith Rd to Conrad Rd | D63: CITY | E63: 973 | F63: 973 | G63: 1313 | H63: --- | I63: --- | J63: --- | K63: --- | L63: N/A | M63: N/A | N63: N/A | O63: N/A
A64: Min Coll | B64: Jason Dwelley Pkwy | C64: Kelly Park Rd to Spinfisher Dr | D64: CITY | E64: 956 | F64: 956 | G64: 3869 | H64: 3527 | I64: 3193 | J64: 3055 | K64: 2416 | L64: 8.7309382 | M64: 0.9593 | N64: 337.8 | O64: -680157.4
A65: Min Coll | B65: Jason Dwelley Pkwy | C65: Spinfisher Dr to White Dahlia Dr | D65: CITY | E65: 958 | F65: 958 | G65: 2684 | H65: 2760 | I65: 2628 | J65: 3034 | K65: 2406 | L65: 1.0506706 | M65: 0.0384 | N65: 28.2 | O65: -54346.2
A66: Min Coll | B66: Jason Dwelley Pkwy | C66: White Dahlia Dr to Ponkan Rd | D66: CITY | E66: 960 | F66: 960 | G66: 2910 | H66: 2745 | I66: 2584 | J66: 2578 | K66: 2178 | L66: 5.604811 | M66: 0.8989 | N66: 163.1 | O66: -327352.3
A67: Min Coll | B67: Keene Rd | C67: Clarcona Rd to Sheeler Rd | D67: COUNTY | E67: 7090 | F67: 7090* | G67: 10392 | H67: 10149 | I67: 10605 | J67: 10193 | K67: 9828 | L67: 1.0431101 | M67: 0.3494 | N67: 108.4 | O67: -209059.8
A68: Min Coll | B68: Keene Rd | C68: Ocoee-Apopka Rd to Marden Rd | D68: COUNTY | E68: 930 | F68: 8066* | G68: 5029 | H68: 5318 | I68: 5358 | J68: 5305 | K68: 5317 | L68: -1.1195069 | M68: 0.4436 | N68: -56.3 | O68: 119160.3
A69: Min Coll | B69: Keene Rd | C69: Marden Rd to Clarcona Rd | D69: CITY | E69: 568 | F69: 568 | G69: 6057 | H69: 6082 | I69: 5985 | J69: 6129 | K69: 5852 | L69: 0.59930659 | M69: 0.2831 | N69: 36.3 | O69: -67413.9
A70: Min Coll | B70: Kelly Park Rd | C70: Mt. Plymouth Rd to Rock Springs Rd | D70: COUNTY | E70: 12.1 | F70: 12* | G70: 12469 | H70: 11679 | I70: 11320 | J70: 8967 | K70: 9904 | L70: 6.2891972 | M70: 0.7718 | N70: 784.2 | O70: -1575568.8
A71: Min Coll | B71: Kelly Park Rd | C71: SR 429 to Plymouth-Sorrento Rd (CR 437) | D71: COUNTY | E71: 10.1 | F71: 9* | G71: 11819 | H71: 11327 | I71: 11768 | J71: 11887 | K71: 10354 | L71: 2.0052458 | M71: 0.3419 | N71: 237 | O71: -468020
A72: Min Coll | B72: Kelly Park Rd | C72: Jason Dwelley Pkwy to Mt. Plymouth Rd | D72: CITY | E72: 12 | F72: 12 | G72: 5749 | H72: 5911 | I72: 5901 | J72: 5891 | K72: 6138 | L72: -1.3184902 | M72: 0.7364 | N72: -75.8 | O72: 159261.4
A73: Min Coll | B73: Kelly Park Rd | C73: Round Lake Rd to SR 429 | D73: CITY | E73: 9.1 | F73: 9.1 | G73: 10679 | H73: 8920 | I73: 7866 | J73: 5803 | K73: 5205 | L73: 13.170709 | M73: 0.9787 | N73: 1406.5 | O73: -2837654.9
A74: Min Coll | B74: Kelly Park Rd | C74: Plymouth-Sorrento Rd (CR 437) to Jason Dwelley Pkwy | D74: CITY | E74: 9 | F74: 9 | G74: 7405 | H74: 7237 | I74: 6835 | J74: 6982 | K74: 6108 | L74: 3.8474004 | M74: 0.8069 | N74: 284.9 | O74: -569439.3
A75: Min Coll | B75: Kelly Park Road | C75: SR 429 to Plymouth Sorrento Road | D75: CITY | E75: 10.1 | F75: 10.1 | G75: 7123 | H75: --- | I75: --- | J75: --- | K75: --- | L75: N/A | M75: N/A | N75: N/A | O75: N/A
A76: Min Coll | B76: Kelly Park Road | C76: Round Lake Road to Waypointe Blvd | D76: CITY | E76: 9002 | F76: 9002 | G76: 12779 | H76: --- | I76: --- | J76: --- | K76: --- | L76: N/A | M76: N/A | N76: N/A | O76: N/A
A77: Min Coll | B77: King St | C77: Peterson Rd to Orange Ave | D77: CITY | E77: 585 | F77: 585 | G77: 1570 | H77: 1145 | I77: 1044 | J77: 1015 | K77: 674 | L77: 12.242038 | M77: 0.8918 | N77: 192.2 | O77: -387731
A78: Min Coll | B78: Lake Ave/Marvin C Zanders Ave | C78: US 441 to 4th St | D78: CITY | E78: 402 | F78: 402 | G78: 2252 | H78: 1968 | I78: 1946 | J78: 1440 | K78: 1752 | L78: 6.7850799 | M78: 0.6483 | N78: 152.8 | O78: -307242.8
A79: Min Coll | B79: Lake Ave/Marvin C Zanders Ave | C79: Martin St to Orange St | D79: CITY | E79: 513 | F79: 513 | G79: 2185 | H79: 2117 | I79: 2122 | J79: 2103 | K79: 2035 | L79: 1.4370709 | M79: 0.8601 | N79: 31.4 | O79: -61409.8
A80: Min Coll | B80: Lake Ave/Marvin C Zanders Ave | C80: Orange St to US 441 | D80: CITY | E80: 515 | F80: 515 | G80: 1137 | H80: 1200 | I80: 1217 | J80: 1338 | K80: 1268 | L80: -3.5180299 | M80: 0.7016 | N80: -40 | O80: 82152
A81: Min Coll | B81: Lake Cortez Dr | C81: SR 436 to Evelyn Dr | D81: CITY | E81: 811 | F81: 811 | G81: 692 | H81: 666 | I81: 697 | J81: 605 | K81: 735 | L81: -0.36127168 | M81: 0.0067 | N81: -2.5 | O81: 5736.5
A82: Min Coll | B82: Lake Doe Blvd | C82: US 441 to Dunn Cove Dr | D82: CITY | E82: 1015 | F82: 1015 | G82: 3559 | H82: 3551 | I82: 3591 | J82: 3552 | K82: 3638 | L82: -0.44675471 | M82: 0.4568 | N82: -15.9 | O82: 35743.9
A83: Min Coll | B83: Lake Francis Dr | C83: Errol Pkwy to Vick Rd | D83: CITY | E83: 504 | F83: 504 | G83: 3159 | H83: 3185 | I83: 3210 | J83: 3331 | K83: 3214 | L83: -0.81038303 | M83: 0.3766 | N83: -25.6 | O83: 55008.6
A84: Min Coll | B84: Lake Francis Dr | C84: Schopke Lester Rd to Errol Pkwy | D84: CITY | E84: 505 | F84: 505 | G84: 1173 | H84: 1156 | I84: 1164 | J84: 1173 | K84: 1141 | L84: 0.40068201 | M84: 0.3063 | N84: 4.7 | O84: -8346.7
A85: Min Coll | B85: Lakeville Rd | C85: Beggs Rd to Clarcona Ocoee Rd | D85: COUNTY | E85: 67 | F85: 67* | G85: 5865 | H85: 5360 | I85: 5769 | J85: 5601 | K85: 5968 | L85: -0.76214834 | M85: 0.0875 | N85: -44.7 | O85: 96140.7
A86: Min Art | B86: Lakeville Rd | C86: Apopka Blvd to Wildwood St | D86: CITY | E86: 657 | F86: 657 | G86: 3693 | H86: 4516 | I86: 5023 | J86: 6404 | K86: 6074 | L86: -18.00704 | M86: 0.8903 | N86: -665 | O86: 1350437
A87: Min Coll | B87: Lakeville Rd | C87: Wildwood St to Beggs Rd | D87: COUNTY | E87: 30 | F87: (30, 31)* | G87: 6273 | H87: 4849 | I87: 4892 | J87: 4240 | K87: 5012 | L87: 4.9912323 | M87: 0.4419 | N87: 313.1 | O87: -628348.1
A88: Min Coll | B88: Lester Rd | C88: Schopke Lester Rd to Plymouth-Sorrento Rd (CR 437) | D88: CITY | E88: 801 | F88: 801 | G88: 5494 | H88: 5535 | I88: 5299 | J88: 5620 | K88: 4965 | L88: 1.7710229 | M88: 0.3463 | N88: 97.3 | O88: -191455.3
A89: Min Coll | B89: Lester Rd | C89: Vick Rd to Schopke Lester Rd | D89: CITY | E89: 506 | F89: 506 | G89: 6465 | H89: 6662 | I89: 6573 | J89: 6830 | K89: 6651 | L89: -0.83526682 | M89: 0.4064 | N89: -54 | O89: 115878.2
A90: Min Coll | B90: Lester Rd | C90: Rock Springs Rd to Vick Rd | D90: CITY | E90: 583 | F90: 583 | G90: 5964 | H90: 6006 | I90: 5942 | J90: 6075 | K90: 5875 | L90: 0.18276325 | M90: 0.0537 | N90: 10.9 | O90: -16078.3
A91: Min Coll | B91: Lust Rd | C91: Binion Rd to Avian Pointe Blvd | D91: CITY | E91: 526 | F91: 526 | G91: 1666 | H91: 905 | I91: 838 | J91: 721 | K91: 361 | L91: 16.770708 | M91: 0.8549 | N91: 279.4 | O91: -564328
A92: Min Coll | B92: Magee Avenue | C92: US 441 to E 6th Street | D92: CITY | E92: 413 | F92: 413 | G92: 939 | H92: --- | I92: --- | J92: --- | K92: --- | L92: N/A | M92: N/A | N92: N/A | O92: N/A
A93: Min Coll | B93: Magee Avenue | C93: Monroe Ave to US 441 | D93: CITY | E93: 412 | F93: 412 | G93: 1864 | H93: --- | I93: --- | J93: --- | K93: --- | L93: N/A | M93: N/A | N93: N/A | O93: N/A
A94: Min Coll | B94: Marden Rd | C94: SR 414 to Keene Rd | D94: CITY | E94: 569 | F94: 569 | G94: 2371 | H94: 2337 | I94: 2845 | J94: 2087 | K94: 3680 | L94: -9.9873471 | M94: 0.3525 | N94: -236.8 | O94: 481710.4
A95: Min Coll | B95: Marden Rd | C95: Marden Ridge Lp to SR 414 | D95: CITY | E95: 560 | F95: 560 | G95: 6969 | H95: 5885 | I95: 5576 | J95: 3184 | K95: 4838 | L95: 9.9913904 | M95: 0.6141 | N95: 696.3 | O95: -1403324.5
A96: Min Coll | B96: Marden Rd | C96: Ocoee-Apopka Rd to Marden Ridge Lp | D96: CITY | E96: 555 | F96: 555 | G96: 5936 | H96: 5982 | I96: 5808 | J96: 5362 | K96: 5927 | L96: 1.0747978 | M96: 0.1568 | N96: 63.8 | O96: -123264.4
A97: Min Coll | B97: Marshall Lake Rd | C97: SR 451 to Bradshaw Rd | D97: CITY | E97: 584 | F97: 584 | G97: 1187 | H97: 985 | I97: 825 | J97: 568 | K97: 492 | L97: 15.223252 | M97: 0.9816 | N97: 180.7 | O97: -364744.7
A98: Min Coll | B98: Martin St | C98: Park Ave to Lake Ave | D98: CITY | E98: 519 | F98: 519 | G98: 3019 | H98: 3094 | I98: 3121 | J98: 3465 | K98: 3089 | L98: -1.6926134 | M98: 0.2109 | N98: -51.1 | O98: 106532.9
A99: Min Coll | B99: Martin St | C99: Maine Ave to Vick Rd | D99: CITY | E99: 830 | F99: 830 | G99: 4337 | H99: 4901 | I99: 4825 | J99: 5961 | K99: 5026 | L99: -5.6213973 | M99: 0.4234 | N99: -243.8 | O99: 498217.4
A100: Min Coll | B100: Midland Ave | C100: US 441 to 6th St | D100: CITY | E100: 407 | F100: 407 | G100: 1322 | H100: 3643 | I100: 3539 | J100: 8044 | K100: 4663 | L100: -83.835098 | M100: 0.5116 | N100: -1108.3 | O100: 2246333.1
...
