Workbook
Name E: #N/A
Name f: #N/A
Name IC: #REF!
Name ICB: #REF!
Name Intersection: [1]TGen!#REF!
Name k: [1]TGen!#REF!
Name new: [1]TGen!#REF!
Name PB: #REF!
Name Private_School__K_8: [1]TGen!#REF!

Sheet 2025 RNCR
A2: Count Station # | B2: Count Source | C2: ROADWAY | D2: FROM | E2: TO | F2: Area Type (U/T/R) | G2: Functional Class | I2: Adjusted Service Volumes (Peak Hour Peak Direction) | M2: Latest Count Year | N2: Count Date (mm/dd) | O2: Week | P2: ADT | Q2: AADT | R2: PM Peak Hour
H3: Context Class | I3: B | J3: C | K3: D | L3: E | R3: NB/EB | S3: SB/WB | T3: Pk Hr Total | U3: Pk Dir | V3: K-Factor | W3: D-Factor | X3: Pk Hr Pk Dir Vol | Y3: LOS | Z3: Capacity | AA3: V/C
A5: 544 | B5: OC | C5: Bass Highway | D5: Pine Grove Rd | E5: End | F5: U | G5: Collector | H5: C3R | I5: 0 | J5: 730 | K5: 830 | L5: 830 | M5: 2012 | N5: 3/27 | O5: 13 | P5: 2441 | Q5: 2368 | R5: 123 | S5: 92 | T5: 215 | U5: NB/EB | V5: 0.0881 | W5: 0.57 | X5: 123 | Y5: C | Z5: 830 | AA5: 0.15
A6: 9009 | B6: OC | C6: Absher Rd | D6: Southern Terminus | E6: Cyrils Dr | F6: RD | G6: Local | H6: C3R | I6: 0 | J6: 680 | K6: 780 | L6: 780 | M6: 2025 | N6: 4/16 | O6: 16 | P6: 219 | Q6: 212 | R6: 13 | S6: 8 | T6: 21 | U6: NB/EB | V6: 0.096 | W6: 0.62 | X6: 13 | Y6: C | Z6: 680 | AA6: 0.02
A7: 9016 | B7: OC | C7: Ball Park Rd | D7: John Young Pkwy | E7: Thacker Ave | F7: U | G7: Collector | H7: C3C | I7: 0 | J7: 1370 | K7: 1630 | L7: 1630 | M7: 2025 | N7: 3/25 | O7: 13 | P7: 14654 | Q7: 14214 | R7: 445 | S7: 581 | T7: 1026 | U7: SB/WB | V7: 0.07 | W7: 0.57 | X7: 581 | Y7: C | Z7: 1630 | AA7: 0.36
A8: 177 | B8: OC | C8: Bass Road | D8: Yowell Rd | E8: US 192 | F8: U | G8: Collector | H8: C3C | I8: 0 | J8: 720 | K8: 1020 | L8: 1020 | M8: 2025 | N8: 2/26 | O8: 9 | P8: 9541 | Q8: 9350 | R8: 307 | S8: 336 | T8: 643 | U8: SB/WB | V8: 0.067 | W8: 0.52 | X8: 336 | Y8: C | Z8: 1020 | AA8: 0.33
A9: 183.1 | B9: OC | C9: Bella Citta Blvd | D9: Oasis Club Blvd | E9: Westside Blvd | F9: U | G9: Collector | H9: C3R | I9: 0 | J9: 920 | K9: 1050 | L9: 1050 | M9: 2025 | N9: 3/4 | O9: 10 | P9: 12857 | Q9: 12471 | R9: 479 | S9: 487 | T9: 966 | U9: SB/WB | V9: 0.075 | W9: 0.5 | X9: 487 | Y9: C | Z9: 1050 | AA9: 0.46
A10: 184 | B10: OC | C10: Bella Citta Blvd | D10: Westside Blvd | E10: S Goodman Rd | F10: U | G10: Collector | H10: C3R | I10: 0 | J10: 920 | K10: 1050 | L10: 1050 | M10: 2025 | N10: 3/4 | O10: 10 | P10: 11288 | Q10: 10949 | R10: 408 | S10: 424 | T10: 832 | U10: SB/WB | V10: 0.074 | W10: 0.51 | X10: 424 | Y10: C | Z10: 1050 | AA10: 0.4
A11: 467 | B11: OC | C11: Bill Beck Blvd | D11: US 192-441 | E11: Fortune Rd | F11: U | G11: Collector | H11: C3C | I11: 0 | J11: 1440 | K11: 1720 | L11: 1720 | M11: 2025 | N11: 3/26 | O11: 13 | P11: 6719 | Q11: 6517 | R11: 450 | S11: 256 | T11: 706 | U11: NB/EB | V11: 0.105 | W11: 0.64 | X11: 450 | Y11: C | Z11: 1720 | AA11: 0.26
A12: 9015 | B12: OC | C12: Bill Beck Blvd | D12: Osceola Pkwy | E12: Woodcrest Blvd | F12: U | G12: Collector | H12: C3R | I12: 0 | J12: 920 | K12: 1050 | L12: 1050 | M12: 2025 | N12: 3/26 | O12: 13 | P12: 6004 | Q12: 5824 | R12: 247 | S12: 277 | T12: 524 | U12: SB/WB | V12: 0.087 | W12: 0.53 | X12: 277 | Y12: C | Z12: 1050 | AA12: 0.26
A13: 474 | B13: OC | C13: Boggy Creek Rd (East) | D13: Simpson Rd | E13: Austin Tyndell Park | F13: U | G13: Minor Art | H13: C3R | I13: 0 | J13: 920 | K13: 1050 | L13: 1050 | M13: Under Construction
A14: 475 | B14: OC | C14: Boggy Creek Rd (East) | D14: Austin Tyndell Park | E14: Narcoossee Rd (CR 15) | F14: U | G14: Minor Art | H14: C3R | I14: 0 | J14: 920 | K14: 1050 | L14: 1050 | M14: Under Construction
A15: 9019 | B15: OC | C15: Botanica Blvd | D15: US 192-441 | E15: Crispin Cir | F15: U | G15: Collector | H15: C3R | I15: 0 | J15: 1530 | K15: 1670 | L15: 1670 | M15: 2025 | N15: 4/1 | O15: 14 | P15: 4684 | Q15: 4543 | R15: 248 | S15: 121 | T15: 369 | U15: NB/EB | V15: 0.079 | W15: 0.67 | X15: 248 | Y15: C | Z15: 1670 | AA15: 0.15
A16: 2024 | B16: OC | C16: Broad St | D16: US 17/92 | E16: Old Tampa Hwy | F16: U | G16: Collector | H16: C3C | I16: 0 | J16: 530 | K16: 750 | L16: 750 | M16: 2025 | N16: 4/9 | O16: 15 | P16: 6530 | Q16: 6334 | R16: 249 | S16: 286 | T16: 535 | U16: SB/WB | V16: 0.082 | W16: 0.53 | X16: 286 | Y16: C | Z16: 750 | AA16: 0.38
A17: 510 | B17: OC | C17: Brown Chapel Rd | D17: US 192-441 | E17: Lakeshore Blvd | F17: U | G17: Collector | H17: C3R | I17: 0 | J17: 970 | K17: 1110 | L17: 1110 | M17: 2025 | N17: 3/12 | O17: 11 | P17: 9205 | Q17: 8929 | R17: 352 | S17: 349 | T17: 701 | U17: NB/EB | V17: 0.076 | W17: 0.5 | X17: 352 | Y17: C | Z17: 1110 | AA17: 0.32
A18: 462 | B18: OC | C18: Buenaventura Blvd | D18: Simpson Rd | E18: Florida Pkwy | F18: U | G18: Minor Art | H18: C3R | I18: 0 | J18: 1620 | K18: 1760 | L18: 1760 | M18: 2025 | N18: 4/8 | O18: 15 | P18: 27382 | Q18: 26561 | R18: 1296 | S18: 924 | T18: 2220 | U18: NB/EB | V18: 0.081 | W18: 0.58 | X18: 1296 | Y18: C | Z18: 1760 | AA18: 0.74
A19: 456 | B19: OC | C19: Buenaventura Blvd | D19: Florida Pkwy | E19: Osceola Pkwy | F19: U | G19: Minor Art | H19: C3R | I19: 0 | J19: 1620 | K19: 1760 | L19: 1760 | M19: 2025 | N19: 3/26 | O19: 13 | P19: 32097 | Q19: 31134 | R19: 941 | S19: 1560 | T19: 2501 | U19: SB/WB | V19: 0.078 | W19: 0.62 | X19: 1560 | Y19: C | Z19: 1760 | AA19: 0.89
A20: 452 | B20: OC | C20: Buenaventura Blvd | D20: Osceola Pkwy | E20: Orange County Line | F20: U | G20: Minor Art | H20: C3R | I20: 0 | J20: 1620 | K20: 1760 | L20: 1760 | M20: 2025 | N20: 4/8 | O20: 15 | P20: 38082 | Q20: 36940 | R20: 1136 | S20: 2226 | T20: 3362 | U20: SB/WB | V20: 0.088 | W20: 0.66 | X20: 2226 | Y20: F | Z20: 1760 | AA20: 1.26
A21: 605 | B21: OC | C21: Canoe Creek Rd (CR 523) | D21: US 441/SR 15/Holopaw Rd | E21: Sullivan Dr | F21: RU | G21: Major Coll | H21: C2 | I21: 240 | J21: 430 | K21: 730 | L21: 1490 | M21: 2025 | N21: 4/9 | O21: 15 | P21: 2556 | Q21: 2479 | R21: 99 | S21: 100 | T21: 199 | U21: SB/WB | V21: 0.078 | W21: 0.5 | X21: 100 | Y21: B | Z21: 430 | AA21: 0.23
A22: 523 | B22: OC | C22: Canoe Creek Rd (CR 523) | D22: Sullivan Dr | E22: Deer Run Rd | F22: T | G22: Minor Art | H22: C3R | I22: 0 | J22: 870 | K22: 1000 | L22: 1000 | M22: 2025 | N22: 4/8 | O22: 15 | P22: 6450 | Q22: 6257 | R22: 306 | S22: 231 | T22: 537 | U22: NB/EB | V22: 0.083 | W22: 0.57 | X22: 306 | Y22: C | Z22: 870 | AA22: 0.35
A23: 522 | B23: OC | C23: Canoe Creek Rd (CR 523) | D23: Deer Run Rd | E23: Old Canoe Creek Rd | F23: U | G23: Minor Art | H23: C3R | I23: 0 | J23: 970 | K23: 1110 | L23: 1110 | M23: 2025 | N23: 4/8 | O23: 15 | P23: 22804 | Q23: 22120 | R23: 1040 | S23: 719 | T23: 1759 | U23: NB/EB | V23: 0.077 | W23: 0.59 | X23: 1040 | Y23: D | Z23: 1110 | AA23: 0.94
A24: 508 | B24: OC | C24: Canoe Creek Rd (CR 523) | D24: Old Canoe Creek Rd | E24: Nolte Rd | F24: U | G24: Minor Art | H24: C3R | I24: 0 | J24: 970 | K24: 1110 | L24: 1110 | M24: 2025 | N24: 4/1 | O24: 14 | P24: 17650 | Q24: 17121 | R24: 720 | S24: 698 | T24: 1418 | U24: NB/EB | V24: 0.08 | W24: 0.51 | X24: 720 | Y24: C | Z24: 1110 | AA24: 0.65
A25: 521 | B25: OC | C25: Canoe Creek Rd (CR 523) | D25: Nolte Rd | E25: US 192-441 | F25: U | G25: Minor Art | H25: C3R | I25: 0 | J25: 970 | K25: 1110 | L25: 1110 | M25: 2025 | N25: 4/1 | O25: 14 | P25: 16789 | Q25: 16285 | R25: 592 | S25: 720 | T25: 1312 | U25: SB/WB | V25: 0.078 | W25: 0.55 | X25: 720 | Y25: C | Z25: 1110 | AA25: 0.65
A26: 9012 | B26: OC | C26: Canoe Creek Rd (CR 523) | D26: Mildred Bass Rd | E26: Florida's Turnpike | F26: U | G26: Minor Art | H26: C2 | I26: 240 | J26: 430 | K26: 730 | L26: 1490 | M26: Under Construction
A27: 311 | B27: OC | C27: Carroll St | D27: Columbia Ave | E27: Dyer Blvd | F27: U | G27: Minor Art | H27: C3R | I27: 0 | J27: 1620 | K27: 1760 | L27: 1760 | M27: 2025 | N27: 2/25 | O27: 9 | P27: 20483 | Q27: 20073 | R27: 689 | S27: 599 | T27: 1288 | U27: NB/EB | V27: 0.063 | W27: 0.53 | X27: 689 | Y27: C | Z27: 1760 | AA27: 0.39
A28: 312 | B28: OC | C28: Carroll St | D28: Dyer Blvd | E28: Thacker Ave | F28: U | G28: Minor Art | H28: C3R | I28: 0 | J28: 1620 | K28: 1760 | L28: 1760 | M28: 2025 | N28: 3/25 | O28: 13 | P28: 11845 | Q28: 11490 | R28: 543 | S28: 434 | T28: 977 | U28: NB/EB | V28: 0.082 | W28: 0.56 | X28: 543 | Y28: C | Z28: 1760 | AA28: 0.31
A29: 309 | B29: OC | C29: Carroll St | D29: Thacker Ave | E29: John Young Pkwy | F29: U | G29: Minor Art | H29: C3R | I29: 0 | J29: 1620 | K29: 1760 | L29: 1760 | M29: 2025 | N29: 3/25 | O29: 13 | P29: 17325 | Q29: 16805 | R29: 684 | S29: 795 | T29: 1479 | U29: SB/WB | V29: 0.085 | W29: 0.54 | X29: 795 | Y29: C | Z29: 1760 | AA29: 0.45
A30: 313 | B30: OC | C30: Carroll St | D30: John Young Pkwy | E30: Main St/US 441-17/92 | F30: U | G30: Minor Art | H30: C4 | I30: 0 | J30: 0 | K30: 870 | L30: 1190 | M30: 2025 | N30: 3/25 | O30: 13 | P30: 19371 | Q30: 18790 | R30: 533 | S30: 536 | T30: 1069 | U30: SB/WB | V30: 0.055 | W30: 0.5 | X30: 536 | Y30: D | Z30: 870 | AA30: 0.62
A31: 314 | B31: OC | C31: Carroll St | D31: Main St/US 441-17/92 | E31: Old Dixie Hwy | F31: U | G31: Minor Art | H31: C4 | I31: 0 | J31: 0 | K31: 870 | L31: 1190 | M31: 2025 | N31: 3/26 | O31: 13 | P31: 12815 | Q31: 12431 | R31: 554 | S31: 451 | T31: 1005 | U31: NB/EB | V31: 0.078 | W31: 0.55 | X31: 554 | Y31: D | Z31: 870 | AA31: 0.64
A32: 315 | B32: OC | C32: Carroll St | D32: Old Dixie Hwy | E32: Michigan Ave | F32: U | G32: Minor Art | H32: C4 | I32: 0 | J32: 1090 | K32: 1610 | L32: 1820 | M32: 2025 | N32: 3/26 | O32: 13 | P32: 13450 | Q32: 13047 | R32: 665 | S32: 439 | T32: 1104 | U32: NB/EB | V32: 0.082 | W32: 0.6 | X32: 665 | Y32: C | Z32: 1610 | AA32: 0.41
A33: 153 | B33: OC | C33: Celebration Ave | D33: US 192 | E33: Celebration Blvd | F33: U | G33: Collector | H33: C3C | I33: 0 | J33: 1440 | K33: 1720 | L33: 1720 | M33: 2025 | N33: 3/5 | O33: 10 | P33: 16235 | Q33: 15748 | R33: 819 | S33: 546 | T33: 1365 | U33: NB/EB | V33: 0.084 | W33: 0.6 | X33: 819 | Y33: C | Z33: 1720 | AA33: 0.48
A34: 154 | B34: OC | C34: Celebration Blvd | D34: Celebration Pl | E34: World Dr | F34: U | G34: Collector | H34: C3C | I34: 0 | J34: 1440 | K34: 1720 | L34: 1720 | M34: 2025 | N34: 4/9 | O34: 15 | P34: 18436 | Q34: 17883 | R34: 667 | S34: 923 | T34: 1590 | U34: SB/WB | V34: 0.086 | W34: 0.58 | X34: 923 | Y34: C | Z34: 1720 | AA34: 0.54
A35: 122 | B35: OC | C35: Champions Gate Blvd | D35: Polk County Line | E35: I-4 | F35: U | G35: Collector | H35: C3C | I35: 0 | J35: 1440 | K35: 1720 | L35: 1720 | M35: 2025 | N35: 3/4 | O35: 10 | P35: 35950 | Q35: 34872 | R35: 1100 | S35: 1331 | T35: 2431 | U35: SB/WB | V35: 0.068 | W35: 0.55 | X35: 1331 | Y35: C | Z35: 1720 | AA35: 0.77
A36: 304 | B36: OC | C36: Clay St | D36: Jack Calhoun Dr | E36: Thacker Ave | F36: U | G36: Collector | H36: C3R | I36: 0 | J36: 870 | K36: 1000 | L36: 1000 | M36: 2025 | N36: 2/26 | O36: 9 | P36: 18195 | Q36: 17831 | R36: 481 | S36: 1010 | T36: 1491 | U36: SB/WB | V36: 0.082 | W36: 0.68 | X36: 1010 | Y36: F | Z36: 1000 | AA36: 1.01
A37: 303 | B37: OC | C37: Clay St | D37: Thacker Ave | E37: Randolph Ave | F37: U | G37: Collector | H37: C3R | I37: 0 | J37: 730 | K37: 830 | L37: 830 | M37: 2025 | N37: 2/26 | O37: 9 | P37: 8529 | Q37: 8358 | R37: 213 | S37: 618 | T37: 831 | U37: SB/WB | V37: 0.097 | W37: 0.74 | X37: 618 | Y37: C | Z37: 830 | AA37: 0.74
A38: 537 | B38: OC | C38: Creek Woods Dr | D38: Canoe Creek Rd | E38: Michigan Ave | F38: U | G38: Collector | H38: C3R | I38: 0 | J38: 920 | K38: 1050 | L38: 1050 | M38: 2025 | N38: 4/1 | O38: 14 | P38: 3599 | Q38: 3491 | R38: 191 | S38: 121 | T38: 312 | U38: NB/EB | V38: 0.087 | W38: 0.61 | X38: 191 | Y38: C | Z38: 1050 | AA38: 0.18
... A44: 9000 | B44: OC | C44: Cypress Pkwy | D44: Poinciana Pkwy | E44: Marigold Ave | F44: U | G44: Local | H44: C3C | I44: 0 | J44: 720 | K44: 1020 | L44: 1020 | M44: 2025 | N44: 2/27 | O44: 9 | P44: 17078 | Q44: 16736 | R44: 729 | S44: 524 | T44: 1253 | U44: NB/EB | V44: 0.073 | W44: 0.58 | X44: 729 | Y44: D | Z44: 1020 | AA44: 0.71
A45: 1001 | B45: OC | C45: Cyrils Dr | D45: Narcoossee Rd | E45: Zuni Rd | F45: U | G45: Collector | H45: C3R | I45: 0 | J45: 730 | K45: 830 | L45: 830 | M45: Under Construction
A46: 1002 | B46: OC | C46: Cyrils Dr | D46: Zuni Rd | E46: Absher Rd | F46: U | G46: Collector | H46: C3R | I46: 0 | J46: 870 | K46: 1000 | L46: 1000 | M46: Under Construction
A47: 552 | B47: OC | C47: Cyrils Dr | D47: Narcoossee Rd (CR 15) | E47: Absher Rd | F47: T | G47: Local | H47: C3R | I47: 0 | J47: 920 | K47: 1050 | L47: 1050 | M47: 2009 | N47: 4/14 | O47: 16 | P47: 1112 | Q47: 1079 | R47: 68 | S47: 34 | T47: 102 | U47: NB/EB | V47: 0.092 | W47: 0.67 | X47: 68 | Y47: C | Z47: 920 | AA47: 0.07
A48: 9001 | B48: OC | C48: Cyrils Dr | D48: East of Absher Rd | F48: U | G48: Local | H48: C3R | I48: 0 | J48: 1620 | K48: 1760 | L48: 1760 | M48: Under Construction
A49: 602 | B49: OC | C49: Deer Park Rd (CR 419) | D49: US 192 | E49: Nova Rd (CR 532) | F49: RU | G49: Collector | H49: C2 | I49: 240 | J49: 430 | K49: 730 | L49: 1490 | M49: 2009 | N49: 4/15 | O49: 16 | P49: 463 | Q49: 449 | R49: 24 | S49: 24 | T49: 48 | U49: NB/EB | V49: 0.104 | W49: 0.5 | X49: 24 | Y49: B | Z49: 430 | AA49: 0.06
A50: 2022 | B50: OC | C50: Deer Park Rd | D50: US 192 | E50: Gator Branch Rd | F50: RU | G50: Collector | H50: C2 | I50: 240 | J50: 430 | K50: 730 | L50: 1490 | M50: 2025 | N50: 4/9 | O50: 15 | P50: 2331 | Q50: 2261 | R50: 101 | S50: 89 | T50: 190 | U50: NB/EB | V50: 0.082 | W50: 0.53 | X50: 101 | Y50: B | Z50: 430 | AA50: 0.23
A51: 2021 | B51: OC | C51: Deer Park Rd | D51: Gator Branch Rd | E51: Nova Rd (CR 532) | F51: RU | G51: Collector | H51: C2 | I51: 240 | J51: 430 | K51: 730 | L51: 1490 | M51: 2025 | N51: 4/16 | O51: 16 | P51: 3058 | Q51: 2966 | R51: 78 | S51: 170 | T51: 248 | U51: SB/WB | V51: 0.081 | W51: 0.69 | X51: 170 | Y51: B | Z51: 430 | AA51: 0.4
A52: 524 | B52: OC | C52: Deer Run Rd | D52: Canoe Creek Rd (CR 523) | E52: Hickory Tree Rd | F52: U | G52: Minor Art | H52: C3R | I52: 0 | J52: 920 | K52: 1050 | L52: 1050 | M52: 2025 | N52: 4/16 | O52: 16 | P52: 5881 | Q52: 5705 | R52: 231 | S52: 218 | T52: 449 | U52: NB/EB | V52: 0.076 | W52: 0.51 | X52: 231 | Y52: C | Z52: 1050 | AA52: 0.22
A53: 352 | B53: OC | C53: Donegan Ave | D53: John Young Pkwy | E53: US 17/92 | F53: U | G53: Collector | H53: C4 | I53: 0 | J53: 0 | K53: 830 | L53: 1130 | M53: 2025 | N53: 3/25 | O53: 13 | P53: 11483 | Q53: 11139 | R53: 456 | S53: 494 | T53: 950 | U53: SB/WB | V53: 0.083 | W53: 0.52 | X53: 494 | Y53: D | Z53: 830 | AA53: 0.6
A54: 353 | B54: OC | C54: Donegan Ave | D54: US 17/92 | E54: Michigan Ave | F54: U | G54: Collector | H54: C4 | I54: 0 | J54: 0 | K54: 870 | L54: 1190 | M54: 2025 | N54: 3/26 | O54: 13 | P54: 13040 | Q54: 12649 | R54: 626 | S54: 407 | T54: 1033 | U54: NB/EB | V54: 0.079 | W54: 0.61 | X54: 626 | Y54: D | Z54: 870 | AA54: 0.72
A55: 224 | B55: OC | C55: Doverplum Ave | D55: Old Pleasant Hill Rd | E55: Cypress Pkwy | F55: U | G55: Collector | H55: C3C | I55: 0 | J55: 680 | K55: 960 | L55: 960 | M55: 2025 | N55: 2/27 | O55: 9 | P55: 8032 | Q55: 7871 | R55: 358 | S55: 263 | T55: 621 | U55: NB/EB | V55: 0.077 | W55: 0.58 | X55: 358 | Y55: C | Z55: 960 | AA55: 0.37
A56: 223 | B56: OC | C56: Doverplum Ave | D56: Cypress Pkwy | E56: KOA St | F56: U | G56: Collector | H56: C3R | I56: 0 | J56: 920 | K56: 1050 | L56: 1050 | M56: 2025 | N56: 2/27 | O56: 9 | P56: 23744 | Q56: 23269 | R56: 789 | S56: 962 | T56: 1751 | U56: SB/WB | V56: 0.074 | W56: 0.55 | X56: 962 | Y56: D | Z56: 1050 | AA56: 0.92
A57: 555 | B57: OC | C57: Eden Dr | D57: Nova Rd (CR 532) | E57: End | F57: U | G57: Collector | H57: C3R | I57: 0 | J57: 680 | K57: 780 | L57: 780 | M57: 2009 | N57: 4/15 | O57: 16 | P57: 1284 | Q57: 1245 | R57: 80 | S57: 31 | T57: 111 | U57: NB/EB | V57: 0.0864 | W57: 0.72 | X57: 80 | Y57: C | Z57: 780 | AA57: 0.1
A58: 229 | B58: OC | C58: Enterprise Dr/Mercantile Ln | D58: Poinciana Blvd | E58: Cattle Dr | F58: U | G58: Collector | H58: C3C | I58: 0 | J58: 530 | K58: 750 | L58: 750 | M58: 2025 | N58: 2/27 | O58: 9 | P58: 3678 | Q58: 3604 | R58: 108 | S58: 315 | T58: 423 | U58: SB/WB | V58: 0.115 | W58: 0.74 | X58: 315 | Y58: C | Z58: 750 | AA58: 0.42
A59: 9005 | B59: OC | C59: Entry Point Blvd | D59: Funie Steed Rd | E59: US 192 | F59: U | G59: Local | H59: C3C | I59: 0 | J59: 720 | K59: 1020 | L59: 1020 | M59: 2025 | N59: 3/5 | O59: 10 | P59: 8867 | Q59: 8601 | R59: 309 | S59: 272 | T59: 581 | U59: NB/EB | V59: 0.066 | W59: 0.53 | X59: 309 | Y59: C | Z59: 1020 | AA59: 0.3
A60: 520 | B60: OC | C60: Fifth St (St Cloud) | D60: Old Canoe Creek Rd | E60: Vermont Ave | F60: U | G60: Collector | H60: C3C | I60: 0 | J60: 680 | K60: 960 | L60: 960 | M60: 2025 | N60: 3/12 | O60: 11 | P60: 3958 | Q60: 3839 | R60: 238 | S60: 129 | T60: 367 | U60: NB/EB | V60: 0.093 | W60: 0.65 | X60: 238 | Y60: C | Z60: 960 | AA60: 0.25
... A62: 453 | B62: OC | C62: Florida Pkwy | D62: Osceola Pkwy | E62: Buenaventura Blvd | F62: U | G62: Collector | H62: C3R | I62: 0 | J62: 870 | K62: 1000 | L62: 1000 | M62: 2025 | N62: 4/8 | O62: 15 | P62: 5715 | Q62: 5544 | R62: 297 | S62: 191 | T62: 488 | U62: NB/EB | V62: 0.085 | W62: 0.61 | X62: 297 | Y62: C | Z62: 1000 | AA62: 0.3
A63: 972000 | B63: FDOT | C63: Florida's Turnpike | D63: Osceola Pkwy | E63: US 192-441 | F63: U | G63: Freeway | H63: LA | I63: 2500 | J63: 3300 | K63: 4070 | L63: 4240 | M63: 2024 | N63: N/A | O63: N/A | P63: N/A | Q63: 89600 | R63: N/A | T63: N/A | U63: N/A | V63: N/A | W63: N/A | X63: N/A | Y63: N/A | Z63: 4070 | AA63: NA
A64: 972110 | B64: FDOT | C64: Florida's Turnpike | D64: US 192/441 | E64: Kissimmee Park Rd | F64: U | G64: Freeway | H64: LA | I64: 2500 | J64: 3300 | K64: 4070 | L64: 4240 | M64: 2024 | N64: N/A | O64: N/A | P64: N/A | Q64: 58600 | R64: N/A | T64: N/A | U64: N/A | V64: N/A | W64: N/A | X64: N/A | Y64: N/A | Z64: 4070 | AA64: NA
A65: 972108 | B65: FDOT | C65: Florida's Turnpike | D65: Kissimmee Park Rd | E65: Indian River County | F65: RU | G65: Freeway | H65: LA | I65: 2500 | J65: 3300 | K65: 4070 | L65: 4240 | M65: 2024 | N65: N/A | O65: N/A | P65: N/A | Q65: 37000 | R65: N/A | T65: N/A | U65: N/A | V65: N/A | W65: N/A | X65: N/A | Y65: N/A | Z65: 3300 | AA65: NA
A66: 972001 | B66: FDOT | C66: Florida's Turnpike | D66: Orange County Line | E66: Osceola Pkwy | F66: U | G66: Freeway | H66: LA | I66: 2500 | J66: 3300 | K66: 4070 | L66: 4240 | M66: 2024 | N66: N/A | O66: N/A | P66: N/A | Q66: 112900 | R66: N/A | T66: N/A | U66: N/A | V66: N/A | W66: N/A | X66: N/A | Y66: N/A | Z66: 4070 | AA66: NA
A67: 119 | B67: OC | C67: Formosa Gardens Blvd | D67: Sinclair Rd | E67: Funie Steed Rd | F67: U | G67: Collector | H67: C3R | I67: 0 | J67: 920 | K67: 1050 | L67: 1050 | M67: 2025 | N67: 3/5 | O67: 10 | P67: 8791 | Q67: 8527 | R67: 260 | S67: 448 | T67: 708 | U67: SB/WB | V67: 0.081 | W67: 0.63 | X67: 448 | Y67: C | Z67: 1050 | AA67: 0.43
A68: 117 | B68: OC | C68: Formosa Gardens Blvd | D68: Funie Steed Rd | E68: US 192 | F68: U | G68: Collector | H68: C3C | I68: 0 | J68: 1440 | K68: 1720 | L68: 1720 | M68: 2025 | N68: 3/5 | O68: 10 | P68: 10678 | Q68: 10358 | R68: 395 | S68: 530 | T68: 925 | U68: SB/WB | V68: 0.087 | W68: 0.57 | X68: 530 | Y68: C | Z68: 1720 | AA68: 0.31
A69: 9013 | B69: OC | C69: Formosa Gardens Blvd | D69: Funie Steed Rd | E69: Sand Hill Rd | F69: U | G69: Collector | H69: C3R | I69: 0 | J69: 970 | K69: 1110 | L69: 1110 | M69: 2025 | N69: 3/5 | O69: 10 | P69: 6993 | Q69: 6783 | R69: 228 | S69: 343 | T69: 571 | U69: SB/WB | V69: 0.082 | W69: 0.6 | X69: 343 | Y69: C | Z69: 1110 | AA69: 0.31
A70: 9014 | B70: OC | C70: Connector Road/Formosa Garden | D70: Sand Hill Rd | E70: Sinclair Rd | F70: U | G70: Collector | H70: C3R | I70: 0 | J70: 680 | K70: 780 | L70: 780 | M70: 2025 | N70: 3/5 | O70: 10 | P70: 6830 | Q70: 6625 | R70: 305 | S70: 426 | T70: 731 | U70: SB/WB | V70: 0.107 | W70: 0.58 | X70: 426 | Y70: C | Z70: 780 | AA70: 0.55
A71: 469 | B71: OC | C71: Fortune Rd | D71: US 192-441 | E71: Simpson Rd | F71: U | G71: Collector | H71: C3C | I71: 0 | J71: 1440 | K71: 1720 | L71: 1720 | M71: Under Construction
A72: 414 | B72: OC | C72: Fortune Rd | D72: Simpson Rd | E72: Lakeshore Blvd | F72: U | G72: Collector | H72: C3C | I72: 0 | J72: 760 | K72: 1070 | L72: 1070 | M72: 2025 | N72: 3/26 | O72: 13 | P72: 16489 | Q72: 15994 | R72: 840 | S72: 429 | T72: 1269 | U72: NB/EB | V72: 0.077 | W72: 0.66 | X72: 840 | Y72: D | Z72: 1070 | AA72: 0.79
A73: 561 | B73: OC | C73: Friars Cove Rd | D73: Florida's Turnpike | E73: Canoe Creek Rd (CR 523) | F73: U | G73: Collector | H73: C3R | I73: 0 | J73: 920 | K73: 1050 | L73: 1050 | M73: 2025 | N73: 4/8 | O73: 15 | P73: 4592 | Q73: 4454 | R73: 165 | S73: 252 | T73: 417 | U73: SB/WB | V73: 0.091 | W73: 0.6 | X73: 252 | Y73: C | Z73: 1050 | AA73: 0.24
A74: 118 | B74: OC | C74: Funie Steed Rd | D74: Westside Blvd | E74: Formosa Gardens Blvd | F74: U | G74: Collector | H74: C3R | I74: 0 | J74: 920 | K74: 1050 | L74: 1050 | M74: 2025 | N74: 3/4 | O74: 10 | P74: 11636 | Q74: 11287 | R74: 318 | S74: 436 | T74: 754 | U74: SB/WB | V74: 0.065 | W74: 0.58 | X74: 436 | Y74: C | Z74: 1050 | AA74: 0.42
A75: 112 | B75: OC | C75: Funie Steed Rd | D75: Formosa Gardens Blvd | E75: Old Lake Wilson Rd | F75: U | G75: Collector | H75: C3C | I75: 0 | J75: 720 | K75: 1020 | L75: 1020 | M75: 2025 | N75: 3/5 | O75: 10 | P75: 8663 | Q75: 8403 | R75: 284 | S75: 262 | T75: 546 | U75: NB/EB | V75: 0.063 | W75: 0.52 | X75: 284 | Y75: C | Z75: 1020 | AA75: 0.28
A76: 126 | B76: OC | C76: Goodman Rd | D76: Westside Blvd | E76: Monaco Blvd | F76: U | G76: Collector | H76: C3R | I76: 0 | J76: 870 | K76: 1000 | L76: 1000 | M76: 2025 | N76: 3/4 | O76: 10 | P76: 4939 | Q76: 4791 | R76: 150 | S76: 314 | T76: 464 | U76: SB/WB | V76: 0.094 | W76: 0.68 | X76: 314 | Y76: C | Z76: 1000 | AA76: 0.31
A77: 1261 | B77: OC | C77: Goodman Rd | D77: Monaco Blvd | E77: Happy Trl | F77: U | G77: Collector | H77: C2 | I77: 240 | J77: 430 | K77: 730 | L77: 1490 | M77: 2025 | N77: 3/4 | O77: 10 | P77: 4876 | Q77: 4730 | R77: 322 | S77: 139 | T77: 461 | U77: NB/EB | V77: 0.095 | W77: 0.7 | X77: 322 | Y77: C | Z77: 730 | AA77: 0.44
A78: 232 | B78: OC | C78: Ham Brown Rd | D78: Reaves Rd | E78: Cattle Drive Ln | F78: U | G78: Collector | H78: C3R | I78: 0 | J78: 920 | K78: 1050 | L78: 1050 | M78: Under Construction
A79: 203 | B79: OC | C79: Ham Brown Rd | D79: Cattle Drive Ln | E79: US 17/92 | F79: U | G79: Collector | H79: C3R | I79: 0 | J79: 920 | K79: 1050 | L79: 1050 | M79: 2025 | N79: 2/27 | O79: 9 | P79: 16372 | Q79: 16045 | R79: 551 | S79: 725 | T79: 1276 | U79: SB/WB | V79: 0.078 | W79: 0.57 | X79: 725 | Y79: C | Z79: 1050 | AA79: 0.69
A80: 407 | B80: OC | C80: Henry Partin Rd | D80: Kings Hwy | E80: Neptune Rd | F80: U | G80: Local | H80: C4 | I80: 0 | J80: 0 | K80: 610 | L80: 830 | M80: 2012 | N80: 3/27 | O80: 13 | P80: 4643 | Q80: 4504 | R80: 135 | S80: 254 | T80: 389 | U80: SB/WB | V80: 0.0838 | W80: 0.65 | X80: 254 | Y80: D | Z80: 610 | AA80: 0.42
A81: 540 | B81: OC | C81: Hickory Tree Rd | D81: US 192 (West) | E81: Nolte Rd | F81: U | G81: Minor Art | H81: C3C | I81: 0 | J81: 760 | K81: 1070 | L81: 1070 | M81: 2025 | N81: 4/1 | O81: 14 | P81: 17626 | Q81: 17097 | R81: 589 | S81: 849 | T81: 1438 | U81: SB/WB | V81: 0.082 | W81: 0.59 | X81: 849 | Y81: D | Z81: 1070 | AA81: 0.79
A82: 548 | B82: OC | C82: Hickory Tree Rd | D82: Nolte Rd | E82: Deer Run Rd | F82: U | G82: Minor Art | H82: C3R | I82: 0 | J82: 920 | K82: 1050 | L82: 1050 | M82: 2025 | N82: 4/16 | O82: 16 | P82: 16384 | Q82: 15892 | R82: 727 | S82: 712 | T82: 1439 | U82: NB/EB | V82: 0.088 | W82: 0.51 | X82: 727 | Y82: C | Z82: 1050 | AA82: 0.69
A83: 531 | B83: OC | C83: Hickory Tree Rd | D83: Deer Run Rd | E83: US 192 (East) | F83: T | G83: Collector | H83: C3R | I83: 0 | J83: 920 | K83: 1050 | L83: 1050 | M83: 2025 | N83: 4/8 | O83: 15 | P83: 4575 | Q83: 4438 | R83: 175 | S83: 213 | T83: 388 | U83: SB/WB | V83: 0.085 | W83: 0.55 | X83: 213 | Y83: C | Z83: 920 | AA83: 0.23
A84: 23 | B84: OC | C84: Hoagland Blvd | D84: US 17/92 | E84: US 192 | F84: U | G84: Minor Art | H84: C3C | I84: 0 | J84: 1440 | K84: 1720 | L84: 1720 | M84: 2025 | N84: 2/26 | O84: 9 | P84: 21828 | Q84: 21391 | R84: 609 | S84: 952 | T84: 1561 | U84: SB/WB | V84: 0.072 | W84: 0.61 | X84: 952 | Y84: C | Z84: 1720 | AA84: 0.55
A85: 9002 | B85: OC | C85: Hoagland Blvd | D85: US 1792 | E85: Jack Calhoun Dr N | F85: U | G85: Minor Art | H85: C3R | I85: 0 | J85: 1620 | K85: 1760 | L85: 1760 | M85: 2025 | N85: 2/26 | O85: 9 | P85: 16791 | Q85: 16455 | R85: 452 | S85: 943 | T85: 1395 | U85: SB/WB | V85: 0.083 | W85: 0.68 | X85: 943 | Y85: C | Z85: 1760 | AA85: 0.54
A86: 302 | B86: OC | C86: Jack Calhoun Dr | D86: N Hoagland Blvd | E86: S Hoagland Blvd | F86: U | G86: Minor Art | H86: C3R | I86: 0 | J86: 920 | K86: 1050 | L86: 1050 | M86: 2025 | N86: 2/26 | O86: 9 | P86: 4068 | Q86: 3987 | R86: 195 | S86: 153 | T86: 348 | U86: NB/EB | V86: 0.086 | W86: 0.56 | X86: 195 | Y86: C | Z86: 1050 | AA86: 0.19
A87: 152 | B87: OC | C87: International Drive South | D87: US 192 | E87: Orange County Line | F87: U | G87: Collector | H87: C3C | I87: 0 | J87: 2240 | K87: 2550 | L87: 2550 | M87: 2025 | N87: 3/5 | O87: 10 | P87: 18071 | Q87: 17529 | R87: 512 | S87: 938 | T87: 1450 | U87: SB/WB | V87: 0.08 | W87: 0.65 | X87: 938 | Y87: C | Z87: 2550 | AA87: 0.37
A88: 160111 | B88: FDOT | C88: Interstate 4 | D88: Osceola Polk Line Rd (CR 532) | E88: SR 429 | F88: U | G88: Freeway | H88: LA | I88: 3570 | J88: 4900 | K88: 6080 | L88: 6360 | M88: 2024 | N88: N/A | O88: N/A | P88: N/A | Q88: 140500 | R88: N/A | T88: N/A | U88: N/A | V88: N/A | W88: N/A | X88: N/A | Y88: N/A | Z88: 6080 | AA88: NA
A89: 920321 | B89: FDOT | C89: Interstate 4 | D89: SR 429 | E89: World Dr | F89: U | G89: Freeway | H89: LA | I89: 3570 | J89: 4900 | K89: 6080 | L89: 6360 | M89: 2024 | N89: N/A | O89: N/A | P89: N/A | Q89: 143500 | R89: N/A | T89: N/A | U89: N/A | V89: N/A | W89: N/A | X89: N/A | Y89: N/A | Z89: 6080 | AA89: NA
A90: 920316 | B90: FDOT | C90: Interstate 4 | D90: World Dr | E90: US 192 | F90: U | G90: Freeway | H90: LA | I90: 3570 | J90: 4900 | K90: 6080 | L90: 6360 | M90: 2024 | N90: N/A | O90: N/A | P90: N/A | Q90: 107500 | R90: N/A | T90: N/A | U90: N/A | V90: N/A | W90: N/A | X90: N/A | Y90: N/A | Z90: 6080 | AA90: NA
A91: 750668 | B91: FDOT | C91: Interstate 4 | D91: US 192 | E91: Orange County Line | F91: U | G91: Freeway | H91: LA | I91: 3570 | J91: 4900 | K91: 6080 | L91: 6360 | M91: 2024 | N91: N/A | O91: N/A | P91: N/A | Q91: 125000 | R91: N/A | T91: N/A | U91: N/A | V91: N/A | W91: N/A | X91: N/A | Y91: N/A | Z91: 6080 | AA91: NA
A92: 553 | B92: OC | C92: Jack Brack Rd | D92: Narcoossee Rd (CR 15) | E92: Zuni Rd | F92: T | G92: Local | H92: C3R | I92: 0 | J92: 920 | K92: 1050 | L92: 1050 | M92: 2025 | N92: 3/12 | O92: 11 | P92: 10238 | Q92: 9931 | R92: 412 | S92: 331 | T92: 743 | U92: NB/EB | V92: 0.073 | W92: 0.55 | X92: 412 | Y92: C | Z92: 920 | AA92: 0.45
A93: 5531 | B93: OC | C93: Jack Brack Rd | D93: Zuni Rd | E93: Absher Rd | F93: U | G93: Collector | H93: C3R | I93: 0 | J93: 920 | K93: 1050 | L93: 1050 | M93: 2025 | N93: 3/12 | O93: 11 | P93: 3711 | Q93: 3600 | R93: 182 | S93: 131 | T93: 313 | U93: NB/EB | V93: 0.084 | W93: 0.58 | X93: 182 | Y93: C | Z93: 1050 | AA93: 0.17
A94: 318 | B94: OC | C94: John Young Pkwy | D94: US 192 | E94: Columbia Ave | F94: U | G94: Principal Art | H94: C3R | I94: 0 | J94: 2490 | K94: 2590 | L94: 2590 | M94: 2025 | N94: 4/2 | O94: 14 | P94: 46588 | Q94: 45190 | R94: 1461 | S94: 1661 | T94: 3122 | U94: SB/WB | V94: 0.067 | W94: 0.53 | X94: 1661 | Y94: C | Z94: 2590 | AA94: 0.64
A95: 317 | B95: OC | C95: John Young Pkwy | D95: Columbia Ave | E95: Carroll St | F95: U | G95: Principal Art | H95: C3R | I95: 0 | J95: 2490 | K95: 2590 | L95: 2590 | M95: 2025 | N95: 3/25 | O95: 13 | P95: 49273 | Q95: 47795 | R95: 1644 | S95: 1725 | T95: 3369 | U95: SB/WB | V95: 0.068 | W95: 0.51 | X95: 1725 | Y95: C | Z95: 2590 | AA95: 0.67
A96: 316 | B96: OC | C96: John Young Pkwy | D96: Carroll St | E96: Orange County Line | F96: U | G96: Principal Art | H96: C3C | I96: 0 | J96: 2240 | K96: 2550 | L96: 2550 | M96: 2025 | N96: 3/25 | O96: 13 | P96: 47800 | Q96: 46366 | R96: 1754 | S96: 1590 | T96: 3344 | U96: NB/EB | V96: 0.07 | W96: 0.52 | X96: 1754 | Y96: C | Z96: 2550 | AA96: 0.69
A97: 554 | B97: OC | C97: Jones Rd | D97: Narcoossee Rd | E97: Gerry Ct | F97: U | G97: Collector | H97: C3R | I97: 0 | J97: 920 | K97: 1050 | L97: 1050 | M97: 2025 | N97: 3/12 | O97: 11 | P97: 11715 | Q97: 11364 | R97: 459 | S97: 389 | T97: 848 | U97: NB/EB | V97: 0.072 | W97: 0.54 | X97: 459 | Y97: C | Z97: 1050 | AA97: 0.44
A98: 405 | B98: OC | C98: Kings Hwy | D98: Pine Island Rd | E98: Neptune Rd | F98: U | G98: Collector | H98: C3C | I98: 0 | J98: 720 | K98: 1020 | L98: 1020 | M98: 2025 | N98: 4/2 | O98: 14 | P98: 8919 | Q98: 8651 | R98: 620 | S98: 218 | T98: 838 | U98: NB/EB | V98: 0.094 | W98: 0.74 | X98: 620 | Y98: C | Z98: 1020 | AA98: 0.61
A99: 505 | B99: OC | C99: Kissimmee Park Rd | D99: Old Canoe Creek Rd | E99: Lake Tohopekaliga | F99: T | G99: Collector | H99: C3R | I99: 0 | J99: 920 | K99: 1050 | L99: 1050 | M99: 2025 | N99: 4/1 | O99: 14 | P99: 2619 | Q99: 2540 | R99: 86 | S99: 109 | T99: 195 | U99: SB/WB | V99: 0.074 | W99: 0.56 | X99: 109 | Y99: C | Z99: 920 | AA99: 0.12
A100: 9008 | B100: OC | C100: Clay Whaley Rd | D100: Cross Prairie Pkwy | E100: Turnpike | F100: T | G100: Collector | H100: C3R | I100: 0 | J100: 680 | K100: 780 | L100: 780 | M100: 2025 | N100: 4/1 | O100: 14 | P100: 4538 | Q100: 4402 | R100: 160 | S100: 184 | T100: 344 | U100: SB/WB | V100: 0.076 | W100: 0.53 | X100: 184 | Y100: C | Z100: 680 | AA100: 0.27
A101: 226 | B101: OC | C101: KOA St | D101: Rhododendron Ave | E101: Marigold Ave | F101: U | G101: Collector | H101: C3R | I101: 0 | J101: 920 | K101: 1050 | L101: 1050 | M101: 2025 | N101: 2/27 | O101: 9 | P101: 12740 | Q101: 12485 | R101: 615 | S101: 508 | T101: 1123 | U101: NB/EB | V101: 0.088 | W101: 0.55 | X101: 615 | Y101: C | Z101: 1050 | AA101: 0.59
A102: 227 | B102: OC | C102: KOA St | D102: Marigold Ave | E102: Doverplum Ave | F102: U | G102: Collector | H102: C3R | I102: 0 | J102: 730 | K102: 830 | L102: 830 | M102: 2025 | N102: 2/27 | O102: 9 | P102: 17578 | Q102: 17226 | R102: 626 | S102: 630 | T102: 1256 | U102: SB/WB | V102: 0.071 | W102: 0.5 | X102: 630 | Y102: C | Z102: 830 | AA102: 0.76
A103: 416 | B103: OC | C103: Lakeshore Blvd | D103: Fortune Rd | E103: Partin Settlement Rd | F103: U | G103: Collector | H103: C3R | I103: 0 | J103: 920 | K103: 1050 | L103: 1050 | M103: 2025 | N103: 3/12 | O103: 11 | P103: 15941 | Q103: 15463 | R103: 505 | S103: 691 | T103: 1196 | U103: SB/WB | V103: 0.075 | W103: 0.58 | X103: 691 | Y103: C | Z103: 1050 | AA103: 0.66
... A123: 401 | B123: OC | C123: Neptune Rd | D123: Kings Hwy | E123: Partin Settlement Rd | F123: U | G123: Minor Art | H123: C3R | I123: 0 | J123: 1530 | K123: 1670 | L123: 1670 | M123: 2025 | N123: 4/2 | O123: 14 | P123: 30682 | Q123: 29762 | R123: 1388 | S123: 944 | T123: 2332 | U123: NB/EB | V123: 0.076 | W123: 0.6 | X123: 1388 | Y123: C | Z123: 1670 | AA123: 0.83
A124: 501 | B124: OC | C124: Neptune Rd | D124: Partin Settlement Rd | E124: Old Canoe Creek Rd | F124: U | G124: Minor Art | H124: C3R | I124: 0 | J124: 920 | K124: 1050 | L124: 1050 | M124: Under Construction
A125: 502 | B125: OC | C125: Neptune Rd | D125: Old Canoe Creek Rd | E125: US 192-441 | F125: U | G125: Minor Art | H125: C3C | I125: 0 | J125: 720 | K125: 1020 | L125: 1020 | M125: Under Construction
A126: 530 | B126: OC | C126: Nolte Rd | D126: Old Canoe Creek Rd | E126: Canoe Creek Road (CR 523) | F126: U | G126: Collector | H126: C3R | I126: 0 | J126: 1620 | K126: 1760 | L126: 1760 | M126: 2025 | N126: 4/1 | O126: 14 | P126: 20817 | Q126: 20192 | R126: 650 | S126: 1001 | T126: 1651 | U126: SB/WB | V126: 0.079 | W126: 0.61 | X126: 1001 | Y126: C | Z126: 1760 | AA126: 0.57
A127: NA3 | B127: OC | C127: Nolte Rd | D127: Canoe Creek Road (CR 523) | E127: Michigan Ave | F127: U | G127: Collector | H127: C3R | I127: 0 | J127: 1620 | K127: 1760 | L127: 1760 | M127: 2025 | N127: 4/1 | O127: 14 | P127: 21866 | Q127: 21210 | R127: 860 | S127: 839 | T127: 1699 | U127: NB/EB | V127: 0.078 | W127: 0.51 | X127: 860 | Y127: C | Z127: 1760 | AA127: 0.49
...

Sheet Input
L6: Exiting | O6: Improved | R6: =$AA$2&" Existing Conditions" -> Existing Conditions | AJ6: Daily/2way/Directional per Agency
B7: Seg | C7: Segment Information | F7: Exist | G7: Imp | H7: LOS | I7: Facility | J7: Functional | K7: Context | L7: Daily | M7: 2-Way | N7: Dir | O7: Daily | P7: Peak | Q7: Dir | R7: Daily | U7: AM 2-Way | X7: PM 2-Way | AA7: AM Directional | AE7: PM Directional | AI7: GR | AJ7: Adjusted Service Volumes
B8: ID | C8: Roadway | D8: From | E8: To | F8: Lns | G8: Lns | H8: Std | I8: Type | J8: Class | K8: Classification | L8: Cap | M8: Cap | N8: Cap | O8: Cap | P8: Cap | Q8: Cap | R8: Volume | S8: V/C | T8: LOS | U8: Vol | V8: V/C | W8: LOS | X8: Vol | Y8: V/C | Z8: LOS | AA8: NB/EB | AB8: SB/WB | AC8: V/C | AD8: LOS | AE8: NB/EB | AF8: SB/WB | AG8: V/C | AH8: LOS | AJ8: B | AK8: C | AL8: D | AM8: E
B9: ='2025 RNCR'!A5 -> 544 | C9: ='2025 RNCR'!C5 -> Bass Highway | D9: ='2025 RNCR'!D5 -> Pine Grove Rd | E9: ='2025 RNCR'!E5 -> End | H9: =IF('2025 RNCR'!F5="U","D",IF('2025 RNCR'!F5="RU","C",IF('2025 RNCR'!F5="T","C","-"))) -> D | J9: ='2025 RNCR'!G5 -> Collector | K9: ='2025 RNCR'!H5 -> C3R | N9: ='2025 RNCR'!Z5 -> 830 | R9: ='2025 RNCR'!Q5 -> 2368 | AE9: ='2025 RNCR'!R5 -> 123 | AF9: ='2025 RNCR'!S5 -> 92 | AG9: ='2025 RNCR'!AA5 -> 0.15 | AH9: ='2025 RNCR'!Y5 -> C | AJ9: ='2025 RNCR'!I5 -> 0 | AK9: ='2025 RNCR'!J5 -> 730 | AL9: ='2025 RNCR'!K5 -> 830 | AM9: ='2025 RNCR'!L5 -> 830
B10: ='2025 RNCR'!A6 -> 9009 | C10: ='2025 RNCR'!C6 -> Absher Rd | D10: ='2025 RNCR'!D6 -> Southern Terminus | E10: ='2025 RNCR'!E6 -> Cyrils Dr | H10: =IF('2025 RNCR'!F6="U","D",IF('2025 RNCR'!F6="RU","C",IF('2025 RNCR'!F6="T","C","-"))) -> - | J10: ='2025 RNCR'!G6 -> Local | K10: ='2025 RNCR'!H6 -> C3R | N10: ='2025 RNCR'!Z6 -> 680 | R10: ='2025 RNCR'!Q6 -> 212 | AE10: ='2025 RNCR'!R6 -> 13 | AF10: ='2025 RNCR'!S6 -> 8 | AG10: ='2025 RNCR'!AA6 -> 0.02 | AH10: ='2025 RNCR'!Y6 -> C | AJ10: ='2025 RNCR'!I6 -> 0 | AK10: ='2025 RNCR'!J6 -> 680 | AL10: ='2025 RNCR'!K6 -> 780 | AM10: ='2025 RNCR'!L6 -> 780
B11: ='2025 RNCR'!A7 -> 9016 | C11: ='2025 RNCR'!C7 -> Ball Park Rd | D11: ='2025 RNCR'!D7 -> John Young Pkwy | E11: ='2025 RNCR'!E7 -> Thacker Ave | H11: =IF('2025 RNCR'!F7="U","D",IF('2025 RNCR'!F7="RU","C",IF('2025 RNCR'!F7="T","C","-"))) -> D | J11: ='2025 RNCR'!G7 -> Collector | K11: ='2025 RNCR'!H7 -> C3C | N11: ='2025 RNCR'!Z7 -> 1630 | R11: ='2025 RNCR'!Q7 -> 14214 | AE11: ='2025 RNCR'!R7 -> 445 | AF11: ='2025 RNCR'!S7 -> 581 | AG11: ='2025 RNCR'!AA7 -> 0.36 | AH11: ='2025 RNCR'!Y7 -> C | AJ11: ='2025 RNCR'!I7 -> 0 | AK11: ='2025 RNCR'!J7 -> 1370 | AL11: ='2025 RNCR'!K7 -> 1630 | AM11: ='2025 RNCR'!L7 -> 1630
B12: ='2025 RNCR'!A8 -> 177 | C12: ='2025 RNCR'!C8 -> Bass Road | D12: ='2025 RNCR'!D8 -> Yowell Rd | E12: ='2025 RNCR'!E8 -> US 192 | H12: =IF('2025 RNCR'!F8="U","D",IF('2025 RNCR'!F8="RU","C",IF('2025 RNCR'!F8="T","C","-"))) -> D | J12: ='2025 RNCR'!G8 -> Collector | K12: ='2025 RNCR'!H8 -> C3C | N12: ='2025 RNCR'!Z8 -> 1020 | R12: ='2025 RNCR'!Q8 -> 9350 | AE12: ='2025 RNCR'!R8 -> 307 | AF12: ='2025 RNCR'!S8 -> 336 | AG12: ='2025 RNCR'!AA8 -> 0.33 | AH12: ='2025 RNCR'!Y8 -> C | AJ12: ='2025 RNCR'!I8 -> 0 | AK12: ='2025 RNCR'!J8 -> 720 | AL12: ='2025 RNCR'!K8 -> 1020 | AM12: ='2025 RNCR'!L8 -> 1020
B13: ='2025 RNCR'!A9 -> 183.1 | C13: ='2025 RNCR'!C9 -> Bella Citta Blvd | D13: ='2025 RNCR'!D9 -> Oasis Club Blvd | E13: ='2025 RNCR'!E9 -> Westside Blvd | H13: =IF('2025 RNCR'!F9="U","D",IF('2025 RNCR'!F9="RU","C",IF('2025 RNCR'!F9="T","C","-"))) -> D | J13: ='2025 RNCR'!G9 -> Collector | K13: ='2025 RNCR'!H9 -> C3R | N13: ='2025 RNCR'!Z9 -> 1050 | R13: ='2025 RNCR'!Q9 -> 12471 | AE13: ='2025 RNCR'!R9 -> 479 | AF13: ='2025 RNCR'!S9 -> 487 | AG13: ='2025 RNCR'!AA9 -> 0.46 | AH13: ='2025 RNCR'!Y9 -> C | AJ13: ='2025 RNCR'!I9 -> 0 | AK13: ='2025 RNCR'!J9 -> 920 | AL13: ='2025 RNCR'!K9 -> 1050 | AM13: ='2025 RNCR'!L9 -> 1050
B14: ='2025 RNCR'!A10 -> 184 | C14: ='2025 RNCR'!C10 -> Bella Citta Blvd | D14: ='2025 RNCR'!D10 -> Westside Blvd | E14: ='2025 RNCR'!E10 -> S Goodman Rd | H14: =IF('2025 RNCR'!F10="U","D",IF('2025 RNCR'!F10="RU","C",IF('2025 RNCR'!F10="T","C","-"))) -> D | J14: ='2025 RNCR'!G10 -> Collector | K14: ='2025 RNCR'!H10 -> C3R | N14: ='2025 RNCR'!Z10 -> 1050 | R14: ='2025 RNCR'!Q10 -> 10949 | AE14: ='2025 RNCR'!R10 -> 408 | AF14: ='2025 RNCR'!S10 -> 424 | AG14: ='2025 RNCR'!AA10 -> 0.4 | AH14: ='2025 RNCR'!Y10 -> C | AJ14: ='2025 RNCR'!I10 -> 0 | AK14: ='2025 RNCR'!J10 -> 920 | AL14: ='2025 RNCR'!K10 -> 1050 | AM14: ='2025 RNCR'!L10 -> 1050
B15: ='2025 RNCR'!A11 -> 467 | C15: ='2025 RNCR'!C11 -> Bill Beck Blvd | D15: ='2025 RNCR'!D11 -> US 192-441 | E15: ='2025 RNCR'!E11 -> Fortune Rd | H15: =IF('2025 RNCR'!F11="U","D",IF('2025 RNCR'!F11="RU","C",IF('2025 RNCR'!F11="T","C","-"))) -> D | J15: ='2025 RNCR'!G11 -> Collector | K15: ='2025 RNCR'!H11 -> C3C | N15: ='2025 RNCR'!Z11 -> 1720 | R15: ='2025 RNCR'!Q11 -> 6517 | AE15: ='2025 RNCR'!R11 -> 450 | AF15: ='2025 RNCR'!S11 -> 256 | AG15: ='2025 RNCR'!AA11 -> 0.26 | AH15: ='2025 RNCR'!Y11 -> C | AJ15: ='2025 RNCR'!I11 -> 0 | AK15: ='2025 RNCR'!J11 -> 1440 | AL15: ='2025 RNCR'!K11 -> 1720 | AM15: ='2025 RNCR'!L11 -> 1720
B16: ='2025 RNCR'!A12 -> 9015 | C16: ='2025 RNCR'!C12 -> Bill Beck Blvd | D16: ='2025 RNCR'!D12 -> Osceola Pkwy | E16: ='2025 RNCR'!E12 -> Woodcrest Blvd | H16: =IF('2025 RNCR'!F12="U","D",IF('2025 RNCR'!F12="RU","C",IF('2025 RNCR'!F12="T","C","-"))) -> D | J16: ='2025 RNCR'!G12 -> Collector | K16: ='2025 RNCR'!H12 -> C3R | N16: ='2025 RNCR'!Z12 -> 1050 | R16: ='2025 RNCR'!Q12 -> 5824 | AE16: ='2025 RNCR'!R12 -> 247 | AF16: ='2025 RNCR'!S12 -> 277 | AG16: ='2025 RNCR'!AA12 -> 0.26 | AH16: ='2025 RNCR'!Y12 -> C | AJ16: ='2025 RNCR'!I12 -> 0 | AK16: ='2025 RNCR'!J12 -> 920 | AL16: ='2025 RNCR'!K12 -> 1050 | AM16: ='2025 RNCR'!L12 -> 1050
B17: ='2025 RNCR'!A13 -> 474 | C17: ='2025 RNCR'!C13 -> Boggy Creek Rd (East) | D17: ='2025 RNCR'!D13 -> Simpson Rd | E17: ='2025 RNCR'!E13 -> Austin Tyndell Park | H17: =IF('2025 RNCR'!F13="U","D",IF('2025 RNCR'!F13="RU","C",IF('2025 RNCR'!F13="T","C","-"))) -> D | J17: ='2025 RNCR'!G13 -> Minor Art | K17: ='2025 RNCR'!H13 -> C3R | N17: ='2025 RNCR'!Z13 -> 0 | R17: ='2025 RNCR'!Q13 -> 0 | AE17: ='2025 RNCR'!R13 -> 0 | AF17: ='2025 RNCR'!S13 -> 0 | AG17: ='2025 RNCR'!AA13 -> 0 | AH17: ='2025 RNCR'!Y13 -> 0 | AJ17: ='2025 RNCR'!I13 -> 0 | AK17: ='2025 RNCR'!J13 -> 920 | AL17: ='2025 RNCR'!K13 -> 1050 | AM17: ='2025 RNCR'!L13 -> 1050
B18: ='2025 RNCR'!A14 -> 475 | C18: ='2025 RNCR'!C14 -> Boggy Creek Rd (East) | D18: ='2025 RNCR'!D14 -> Austin Tyndell Park | E18: ='2025 RNCR'!E14 -> Narcoossee Rd (CR 15) | H18: =IF('2025 RNCR'!F14="U","D",IF('2025 RNCR'!F14="RU","C",IF('2025 RNCR'!F14="T","C","-"))) -> D | J18: ='2025 RNCR'!G14 -> Minor Art | K18: ='2025 RNCR'!H14 -> C3R | N18: ='2025 RNCR'!Z14 -> 0 | R18: ='2025 RNCR'!Q14 -> 0 | AE18: ='2025 RNCR'!R14 -> 0 | AF18: ='2025 RNCR'!S14 -> 0 | AG18: ='2025 RNCR'!AA14 -> 0 | AH18: ='2025 RNCR'!Y14 -> 0 | AJ18: ='2025 RNCR'!I14 -> 0 | AK18: ='2025 RNCR'!J14 -> 920 | AL18: ='2025 RNCR'!K14 -> 1050 | AM18: ='2025 RNCR'!L14 -> 1050
B19: ='2025 RNCR'!A15 -> 9019 | C19: ='2025 RNCR'!C15 -> Botanica Blvd | D19: ='2025 RNCR'!D15 -> US 192-441 | E19: ='2025 RNCR'!E15 -> Crispin Cir | H19: =IF('2025 RNCR'!F15="U","D",IF('2025 RNCR'!F15="RU","C",IF('2025 RNCR'!F15="T","C","-"))) -> D | J19: ='2025 RNCR'!G15 -> Collector | K19: ='2025 RNCR'!H15 -> C3R | N19: ='2025 RNCR'!Z15 -> 1670 | R19: ='2025 RNCR'!Q15 -> 4543 | AE19: ='2025 RNCR'!R15 -> 248 | AF19: ='2025 RNCR'!S15 -> 121 | AG19: ='2025 RNCR'!AA15 -> 0.15 | AH19: ='2025 RNCR'!Y15 -> C | AJ19: ='2025 RNCR'!I15 -> 0 | AK19: ='2025 RNCR'!J15 -> 1530 | AL19: ='2025 RNCR'!K15 -> 1670 | AM19: ='2025 RNCR'!L15 -> 1670
B20: ='2025 RNCR'!A16 -> 2024 | C20: ='2025 RNCR'!C16 -> Broad St | D20: ='2025 RNCR'!D16 -> US 17/92 | E20: ='2025 RNCR'!E16 -> Old Tampa Hwy | H20: =IF('2025 RNCR'!F16="U","D",IF('2025 RNCR'!F16="RU","C",IF('2025 RNCR'!F16="T","C","-"))) -> D | J20: ='2025 RNCR'!G16 -> Collector | K20: ='2025 RNCR'!H16 -> C3C | N20: ='2025 RNCR'!Z16 -> 750 | R20: ='2025 RNCR'!Q16 -> 6334 | AE20: ='2025 RNCR'!R16 -> 249 | AF20: ='2025 RNCR'!S16 -> 286 | AG20: ='2025 RNCR'!AA16 -> 0.38 | AH20: ='2025 RNCR'!Y16 -> C | AJ20: ='2025 RNCR'!I16 -> 0 | AK20: ='2025 RNCR'!J16 -> 530 | AL20: ='2025 RNCR'!K16 -> 750 | AM20: ='2025 RNCR'!L16 -> 750
... B255: ='2025 RNCR'!A251 -> 1005 | C255: ='2025 RNCR'!C251 -> Zuni Rd | D255: ='2025 RNCR'!D251 -> Jack Brack Rd | E255: ='2025 RNCR'!E251 -> Cyrils Dr | H255: =IF('2025 RNCR'!F251="U","D",IF('2025 RNCR'!F251="RU","C",IF('2025 RNCR'!F251="T","C","-"))) -> D | J255: ='2025 RNCR'!G251 -> Collector | K255: ='2025 RNCR'!H251 -> C3R | N255: ='2025 RNCR'!Z251 -> 1000 | R255: ='2025 RNCR'!Q251 -> 3739 | AE255: ='2025 RNCR'!R251 -> 100 | AF255: ='2025 RNCR'!S251 -> 235 | AG255: ='2025 RNCR'!AA251 -> 0.24 | AH255: ='2025 RNCR'!Y251 -> C | AJ255: ='2025 RNCR'!I251 -> 0 | AK255: ='2025 RNCR'!J251 -> 870 | AL255: ='2025 RNCR'!K251 -> 1000 | AM255: ='2025 RNCR'!L251 -> 1000
